-- phpMyAdmin SQL Dump
-- version 4.8.4
-- https://www.phpmyadmin.net/
--
-- Host: 127.0.0.1
-- Generation Time: Mar 18, 2019 at 11:37 AM
-- Server version: 10.1.37-MariaDB
-- PHP Version: 7.3.1

SET SQL_MODE = "NO_AUTO_VALUE_ON_ZERO";
SET AUTOCOMMIT = 0;
START TRANSACTION;
SET time_zone = "+00:00";


/*!40101 SET @OLD_CHARACTER_SET_CLIENT=@@CHARACTER_SET_CLIENT */;
/*!40101 SET @OLD_CHARACTER_SET_RESULTS=@@CHARACTER_SET_RESULTS */;
/*!40101 SET @OLD_COLLATION_CONNECTION=@@COLLATION_CONNECTION */;
/*!40101 SET NAMES utf8mb4 */;

--
-- Database: `eapi`
--

-- --------------------------------------------------------

--
-- Table structure for table `migrations`
--

CREATE TABLE `migrations` (
  `id` int(10) UNSIGNED NOT NULL,
  `migration` varchar(191) COLLATE utf8_unicode_ci NOT NULL,
  `batch` int(11) NOT NULL
) ENGINE=InnoDB DEFAULT CHARSET=utf8 COLLATE=utf8_unicode_ci;

--
-- Dumping data for table `migrations`
--

INSERT INTO `migrations` (`id`, `migration`, `batch`) VALUES
(1, '2014_10_12_000000_create_users_table', 1),
(2, '2014_10_12_100000_create_password_resets_table', 1),
(3, '2019_03_17_160846_create_products_table', 1);

-- --------------------------------------------------------

--
-- Table structure for table `password_resets`
--

CREATE TABLE `password_resets` (
  `email` varchar(191) COLLATE utf8_unicode_ci NOT NULL,
  `token` varchar(191) COLLATE utf8_unicode_ci NOT NULL,
  `created_at` timestamp NULL DEFAULT NULL
) ENGINE=InnoDB DEFAULT CHARSET=utf8 COLLATE=utf8_unicode_ci;

-- --------------------------------------------------------

--
-- Table structure for table `products`
--

CREATE TABLE `products` (
  `id` bigint(20) UNSIGNED NOT NULL,
  `name` varchar(191) COLLATE utf8_unicode_ci NOT NULL,
  `detail` text COLLATE utf8_unicode_ci NOT NULL,
  `price` int(11) NOT NULL,
  `stock` int(11) NOT NULL,
  `discount` int(11) NOT NULL,
  `created_at` timestamp NULL DEFAULT NULL,
  `updated_at` timestamp NULL DEFAULT NULL
) ENGINE=InnoDB DEFAULT CHARSET=utf8 COLLATE=utf8_unicode_ci;

--
-- Dumping data for table `products`
--

INSERT INTO `products` (`id`, `name`, `detail`, `price`, `stock`, `discount`, `created_at`, `updated_at`) VALUES
(1, 'error', 'Consequatur ad odio ea sunt molestias. Aspernatur quia eum vitae voluptatem. Ab sed non voluptatem vero sed nihil. Eum modi voluptas aperiam debitis.', 930, 3, 21, '2019-03-18 17:33:15', '2019-03-18 17:33:15'),
(2, 'sit', 'Explicabo qui qui est ut repellat. Omnis provident dignissimos nesciunt sed est. Ea ipsum dolores eveniet illum aspernatur. Voluptate laudantium nihil ullam.', 171, 4, 2, '2019-03-18 17:33:15', '2019-03-18 17:33:15'),
(3, 'repellendus', 'Mollitia dolores enim ipsum nulla est. Rerum placeat est repellendus ducimus voluptas. Fugit unde autem sapiente molestiae aut.', 771, 1, 13, '2019-03-18 17:33:15', '2019-03-18 17:33:15'),
(4, 'rem', 'Dolorem quia ut labore quas et voluptatibus nihil. Ratione voluptas qui quo debitis vitae. Distinctio fugiat rerum quod repellendus.', 181, 3, 7, '2019-03-18 17:33:15', '2019-03-18 17:33:15'),
(5, 'ut', 'Autem repudiandae praesentium explicabo. Ea excepturi aut qui. Officia necessitatibus sint ut dolores aliquam tenetur sed.', 976, 0, 5, '2019-03-18 17:33:15', '2019-03-18 17:33:15'),
(6, 'blanditiis', 'Aut non accusamus et sit blanditiis repellendus. Est distinctio sed enim explicabo minima nemo.', 446, 5, 4, '2019-03-18 17:33:15', '2019-03-18 17:33:15'),
(7, 'eos', 'Libero voluptates esse vitae unde vitae autem et dolores. Modi dolore reprehenderit non eius. Atque dolorem doloremque accusamus voluptatibus excepturi aut id. Sit neque aut eos et eum explicabo cumque. In iusto vero quia totam dignissimos.', 155, 9, 20, '2019-03-18 17:33:15', '2019-03-18 17:33:15'),
(8, 'ab', 'Voluptatem unde et consequatur est. Expedita dolore veritatis iure mollitia. Corporis esse non provident earum harum iusto neque. Voluptatem aut quas labore ullam.', 155, 1, 18, '2019-03-18 17:33:15', '2019-03-18 17:33:15'),
(9, 'reiciendis', 'Animi maiores qui reprehenderit quisquam et illo. Ipsum eum natus nobis atque debitis similique alias. Quaerat quae eligendi temporibus illo nam in. Distinctio repellat ipsum est voluptates nihil.', 229, 1, 26, '2019-03-18 17:33:15', '2019-03-18 17:33:15'),
(10, 'dolor', 'Modi incidunt in odit amet itaque tempora qui. Recusandae qui quo laborum similique autem. Necessitatibus dolores eos et ea.', 652, 8, 13, '2019-03-18 17:33:15', '2019-03-18 17:33:15'),
(11, 'ut', 'Aut nesciunt autem omnis quia itaque assumenda alias. Ut ducimus voluptate eos aperiam eos. Quasi est quis corrupti nostrum error voluptate possimus. Est nihil voluptas ipsam accusantium possimus corporis.', 386, 1, 9, '2019-03-18 17:33:15', '2019-03-18 17:33:15'),
(12, 'id', 'Non dicta vel est nihil consequatur. Quos sequi tempore rem aliquam quia doloribus facere.', 540, 7, 16, '2019-03-18 17:33:15', '2019-03-18 17:33:15'),
(13, 'provident', 'Cum possimus doloribus unde. Voluptates rerum est doloribus eos adipisci enim. Deserunt facere natus cupiditate at quo. Aperiam reprehenderit quasi omnis est.', 681, 6, 7, '2019-03-18 17:33:15', '2019-03-18 17:33:15'),
(14, 'qui', 'Dolorem et accusamus quia sed sit minima quia aut. Unde aliquid nisi cupiditate consectetur dolore dolore minus est. Et eum illo soluta eos.', 618, 4, 6, '2019-03-18 17:33:15', '2019-03-18 17:33:15'),
(15, 'repellat', 'Et illum nulla dolore sed. Dolor a quidem id culpa amet recusandae iusto. Ut in rerum dolorem similique non facere. Repellendus aut illum iure doloremque rem rem beatae.', 544, 7, 9, '2019-03-18 17:33:15', '2019-03-18 17:33:15'),
(16, 'vel', 'Dolorem illum officia aut ut dolorem quo. Et exercitationem sed laboriosam cupiditate vero. Aliquid recusandae quae doloremque cumque.', 982, 4, 14, '2019-03-18 17:33:15', '2019-03-18 17:33:15'),
(17, 'qui', 'Consequatur quia vero et dolorem voluptate et. Magni itaque sunt sapiente at. Consequatur vitae qui eaque atque incidunt autem voluptatem. Qui suscipit in excepturi tempora iste ut.', 287, 7, 24, '2019-03-18 17:33:15', '2019-03-18 17:33:15'),
(18, 'minima', 'Iste eos quas aut dolorem ut repudiandae quod harum. Incidunt in cupiditate laboriosam aliquam dignissimos. Sit sunt sed culpa cum modi molestiae placeat.', 559, 2, 6, '2019-03-18 17:33:15', '2019-03-18 17:33:15'),
(19, 'ullam', 'Quia omnis itaque sunt sint maxime. Nulla doloremque cupiditate harum quos. Consequatur a autem repellendus recusandae aut perferendis sint.', 556, 7, 4, '2019-03-18 17:33:15', '2019-03-18 17:33:15'),
(20, 'modi', 'Voluptatem eum rem eaque blanditiis amet. At illo omnis eos consequatur ea modi. Rerum odio eos at dolorem aut.', 263, 9, 20, '2019-03-18 17:33:15', '2019-03-18 17:33:15'),
(21, 'itaque', 'Quasi laboriosam molestias nemo occaecati error eos et. Est enim odio in exercitationem. Nisi quia voluptas totam quae.', 319, 6, 3, '2019-03-18 17:33:15', '2019-03-18 17:33:15'),
(22, 'eos', 'Ab voluptatem inventore ducimus accusamus totam sit quis minima. At dolore aut quia voluptatum vel pariatur. Velit ea odit et voluptatibus sit provident ut.', 994, 5, 21, '2019-03-18 17:33:15', '2019-03-18 17:33:15'),
(23, 'dolores', 'Ut non qui aut beatae reprehenderit. Consequuntur laboriosam ducimus ut in aliquid. Autem fuga quia aut laborum. Quo necessitatibus quia inventore et id quas sit.', 265, 3, 20, '2019-03-18 17:33:15', '2019-03-18 17:33:15'),
(24, 'inventore', 'Voluptas ut quia quos in. Qui in dignissimos voluptatem magni molestiae ea. Nihil tenetur amet deleniti eum.', 124, 7, 2, '2019-03-18 17:33:15', '2019-03-18 17:33:15'),
(25, 'dignissimos', 'Ut nam quaerat quibusdam expedita. Rerum eum voluptatum recusandae est explicabo. Occaecati itaque libero similique adipisci qui. Temporibus quaerat ad aliquam soluta repellendus molestiae.', 550, 6, 24, '2019-03-18 17:33:15', '2019-03-18 17:33:15'),
(26, 'placeat', 'Necessitatibus libero dolor nihil harum nulla. Quas sapiente quod sed in alias ad. Qui quia est aut minima incidunt. Quasi neque ut quia est tempora est sequi.', 409, 1, 21, '2019-03-18 17:33:15', '2019-03-18 17:33:15'),
(27, 'molestias', 'At dolor ut corrupti quia cumque odit quibusdam quibusdam. Sed perferendis fugiat vel pariatur.', 836, 2, 17, '2019-03-18 17:33:15', '2019-03-18 17:33:15'),
(28, 'distinctio', 'Voluptas et est nihil quasi rerum. In est blanditiis porro incidunt. Voluptate et quae eum nostrum et delectus dignissimos. Asperiores dolore odit itaque illum sunt laboriosam magni est. Aut sint tempore mollitia voluptate.', 770, 3, 20, '2019-03-18 17:33:15', '2019-03-18 17:33:15'),
(29, 'minima', 'Consectetur quis rerum itaque dolorum ut porro voluptas. Possimus quam delectus dignissimos fugiat deleniti voluptatem odit id. Fugiat distinctio repudiandae natus labore suscipit aut placeat.', 217, 7, 17, '2019-03-18 17:33:15', '2019-03-18 17:33:15'),
(30, 'adipisci', 'Ratione ea maiores molestiae ullam. Laborum autem assumenda fugit. Similique quos soluta eum nesciunt. Iusto incidunt voluptas tempore et quo.', 959, 8, 6, '2019-03-18 17:33:15', '2019-03-18 17:33:15'),
(31, 'nobis', 'Debitis quaerat culpa et nam tempora quibusdam et. Ut deleniti soluta nihil hic voluptas est. Nobis nostrum dolor quae dolorem qui. Et sed delectus aut ut in.', 346, 8, 26, '2019-03-18 17:33:16', '2019-03-18 17:33:16'),
(32, 'velit', 'Iure sequi doloribus est quisquam quasi. In impedit vitae officia molestiae laudantium provident. Molestias ea et cum et. Illum quis et blanditiis nesciunt dolor in iure.', 308, 7, 3, '2019-03-18 17:33:16', '2019-03-18 17:33:16'),
(33, 'hic', 'Voluptatem molestias rerum ea est aliquid ad quis. Enim facilis dolorem quo non aliquid adipisci. Ipsa accusamus eos eos cumque nesciunt.', 574, 9, 8, '2019-03-18 17:33:16', '2019-03-18 17:33:16'),
(34, 'repellat', 'Ea necessitatibus animi alias non. Omnis perferendis facere corporis repellendus aut ut.', 509, 7, 9, '2019-03-18 17:33:16', '2019-03-18 17:33:16'),
(35, 'quod', 'Recusandae aut iure eos vel porro. Voluptatem sapiente alias error. Tempora necessitatibus ut cupiditate. Reiciendis maiores dignissimos nisi nesciunt quas occaecati et. Fuga voluptas et facere repudiandae explicabo fugit.', 430, 6, 16, '2019-03-18 17:33:16', '2019-03-18 17:33:16'),
(36, 'iste', 'Ipsa error odit omnis pariatur. Non et corrupti in similique repellendus eius. Aut officiis veniam aspernatur iusto omnis ullam. Fugit ad unde delectus molestiae accusantium.', 334, 9, 6, '2019-03-18 17:33:16', '2019-03-18 17:33:16'),
(37, 'assumenda', 'Doloremque sed cum consequatur itaque. Alias dolores impedit rerum explicabo perspiciatis est. Sit eum minima possimus odit optio et. Perferendis totam blanditiis velit dolorum.', 879, 2, 19, '2019-03-18 17:33:16', '2019-03-18 17:33:16'),
(38, 'modi', 'Eaque quia et sit reprehenderit. Et voluptas dolores ut ut dolores. Quia optio nulla veniam veritatis dolores ullam. Nam et laborum eum ipsum vel placeat. Explicabo adipisci ut accusamus non vitae officiis debitis facere.', 316, 6, 25, '2019-03-18 17:33:16', '2019-03-18 17:33:16'),
(39, 'incidunt', 'Repellat odio deleniti aut tenetur natus. Provident animi deserunt et recusandae maxime. Placeat quo incidunt iure distinctio consectetur mollitia.', 179, 1, 22, '2019-03-18 17:33:16', '2019-03-18 17:33:16'),
(40, 'sit', 'Nisi ex ullam enim voluptatem. Veniam voluptatem et quia perferendis voluptates nam mollitia amet. Odio tempore ducimus dolores eos.', 212, 1, 21, '2019-03-18 17:33:16', '2019-03-18 17:33:16'),
(41, 'maiores', 'Recusandae enim qui magnam voluptatum officiis repellendus incidunt. Voluptatum beatae voluptatem neque. Quos nisi vitae quidem et sit ullam. Molestiae sit voluptatem repellendus.', 958, 4, 13, '2019-03-18 17:33:16', '2019-03-18 17:33:16'),
(42, 'excepturi', 'Temporibus exercitationem sunt perspiciatis corrupti occaecati. Sed est rerum ipsum eius. Neque reprehenderit recusandae amet nulla accusamus assumenda.', 434, 6, 13, '2019-03-18 17:33:16', '2019-03-18 17:33:16'),
(43, 'consectetur', 'Inventore ducimus omnis consequatur molestiae qui sit culpa. Illo voluptatem ut et harum animi est dignissimos. Aut occaecati et dignissimos temporibus ab enim ducimus. Earum rerum atque at id est repellat unde.', 105, 8, 22, '2019-03-18 17:33:16', '2019-03-18 17:33:16'),
(44, 'totam', 'Minus atque dolores veritatis molestiae qui sit inventore omnis. Quidem sint voluptates ut eum aspernatur beatae est. Perferendis asperiores a architecto sequi sit ipsa qui animi.', 713, 7, 22, '2019-03-18 17:33:16', '2019-03-18 17:33:16'),
(45, 'mollitia', 'Et sit aut placeat. Quis rerum minima voluptatem commodi aut quam tenetur sit. Aspernatur ut blanditiis harum iure in cupiditate.', 330, 0, 19, '2019-03-18 17:33:16', '2019-03-18 17:33:16'),
(46, 'et', 'Non nulla aut debitis consequuntur voluptatibus cumque assumenda. Asperiores accusamus dolorem ipsum quia. Praesentium rerum ea non ducimus nisi quo.', 777, 9, 28, '2019-03-18 17:33:16', '2019-03-18 17:33:16'),
(47, 'ea', 'Rerum facilis saepe qui suscipit modi neque doloremque. Qui et dolorem perspiciatis dignissimos sit quia. Deleniti voluptatem dolore ut quo. Praesentium ad deserunt accusamus voluptas tempore velit. Est accusamus deleniti voluptatum iure commodi libero minus.', 520, 7, 17, '2019-03-18 17:33:16', '2019-03-18 17:33:16'),
(48, 'officia', 'Cumque voluptatem minima laboriosam. Voluptatibus et atque quia error ducimus voluptatem. Nulla repellat aut ipsum. Tempora quam ex eveniet harum sit facere.', 166, 5, 20, '2019-03-18 17:33:16', '2019-03-18 17:33:16'),
(49, 'expedita', 'Facere quia vitae eaque molestiae. Praesentium suscipit dolorem perferendis qui possimus dolor ab. Sit assumenda eius ut. Doloribus ipsum velit saepe nobis vero tempora natus.', 399, 2, 3, '2019-03-18 17:33:16', '2019-03-18 17:33:16'),
(50, 'tempore', 'Blanditiis quos voluptas omnis non. Quaerat et molestiae iste omnis qui. Magnam eum ullam maxime dicta consequatur nulla. Ut et facere eius quasi soluta.', 535, 5, 7, '2019-03-18 17:33:16', '2019-03-18 17:33:16');

-- --------------------------------------------------------

--
-- Table structure for table `reviews`
--

CREATE TABLE `reviews` (
  `id` bigint(20) UNSIGNED NOT NULL,
  `product_id` bigint(10) UNSIGNED NOT NULL,
  `customer` varchar(191) COLLATE utf8_unicode_ci NOT NULL,
  `review` text COLLATE utf8_unicode_ci NOT NULL,
  `star` int(11) NOT NULL,
  `created_at` timestamp NULL DEFAULT NULL,
  `updated_at` timestamp NULL DEFAULT NULL
) ENGINE=InnoDB DEFAULT CHARSET=utf8 COLLATE=utf8_unicode_ci;

--
-- Dumping data for table `reviews`
--

INSERT INTO `reviews` (`id`, `product_id`, `customer`, `review`, `star`, `created_at`, `updated_at`) VALUES
(1, 24, 'Mr. Eusebio Ortiz Sr.', 'Et numquam et aperiam repellat. Possimus nemo ipsa maiores. Ducimus illo voluptate molestiae debitis at ea. Rerum ipsum neque ullam delectus praesentium sed nihil atque.', 3, '2019-03-18 17:33:16', '2019-03-18 17:33:16'),
(2, 32, 'Mr. Einar Prohaska', 'Eos dolores omnis natus dolorum sit quia quidem nisi. Quis cum consequatur dicta sint ad. Dolor suscipit odit amet accusantium fugiat. Quis est ut aut aut.', 3, '2019-03-18 17:33:16', '2019-03-18 17:33:16'),
(3, 24, 'Ms. Lelia Kovacek IV', 'Repudiandae modi ut impedit nemo magni iusto neque iusto. Doloribus sed ipsam minus.', 2, '2019-03-18 17:33:17', '2019-03-18 17:33:17'),
(4, 40, 'Lenora Batz Jr.', 'Nihil ad tempore ut saepe et ipsa autem voluptatem. Illo omnis itaque veritatis asperiores laborum. Velit consequatur cumque a ad.', 1, '2019-03-18 17:33:17', '2019-03-18 17:33:17'),
(5, 30, 'Neoma Crist', 'Sit et corrupti ullam debitis cupiditate consequatur. Quas qui ut ut ab. Quod explicabo harum enim ducimus quae libero.', 0, '2019-03-18 17:33:17', '2019-03-18 17:33:17'),
(6, 3, 'Stephanie Haley', 'Nesciunt officiis distinctio consectetur consequatur voluptatem et sapiente quas. Alias ut dolores rerum impedit. Culpa ut fuga quas et nulla natus. Tenetur magni eos facilis natus asperiores aut sint.', 0, '2019-03-18 17:33:17', '2019-03-18 17:33:17'),
(7, 11, 'Daija Baumbach', 'Ea non praesentium recusandae harum id nam impedit aliquam. Et sed voluptatem magni fuga.', 3, '2019-03-18 17:33:17', '2019-03-18 17:33:17'),
(8, 18, 'Muriel Kerluke', 'Recusandae eos explicabo quis quae qui architecto amet. Voluptates recusandae rem culpa deleniti qui dolor omnis. Sit ut nihil illo officia dignissimos autem velit aliquam.', 0, '2019-03-18 17:33:17', '2019-03-18 17:33:17'),
(9, 41, 'Aurelie Konopelski', 'Dolorum recusandae porro sit repellendus rerum consequatur autem. Consequatur debitis rerum eveniet eligendi nostrum omnis quasi. Labore dolorem voluptas eaque. Odit et et enim cupiditate.', 1, '2019-03-18 17:33:17', '2019-03-18 17:33:17'),
(10, 47, 'Antwon Schaefer', 'Quia magni rerum dolores non quaerat dolor neque. Laborum veniam quia corrupti non sequi repellendus. Consequatur ullam soluta harum.', 5, '2019-03-18 17:33:17', '2019-03-18 17:33:17'),
(11, 12, 'Lavinia Erdman', 'Ratione inventore eaque incidunt aut nam. Neque dolorum dignissimos perferendis molestiae nihil. Occaecati sunt cupiditate et possimus iste aut repellat. Minus harum ipsa hic et autem est.', 5, '2019-03-18 17:33:17', '2019-03-18 17:33:17'),
(12, 31, 'Nova Watsica', 'Et qui facere error in eius dolores sunt. Sed sunt voluptas voluptates sequi molestias. Saepe libero dolor incidunt tempora ratione explicabo.', 0, '2019-03-18 17:33:17', '2019-03-18 17:33:17'),
(13, 34, 'Suzanne Heidenreich I', 'Ex iste harum et accusantium. Sunt maiores velit et quidem accusamus magni dolore quae. Molestiae eligendi in repellendus quia quaerat alias consequatur officia. Aut distinctio ipsam asperiores quam ut fugiat laborum.', 2, '2019-03-18 17:33:17', '2019-03-18 17:33:17'),
(14, 7, 'Colin Cole', 'Soluta illum et et sequi et. Exercitationem dolores est sint commodi quam. Qui reiciendis voluptas asperiores accusamus. Exercitationem reprehenderit ut nihil ad.', 2, '2019-03-18 17:33:17', '2019-03-18 17:33:17'),
(15, 24, 'Aisha Lebsack III', 'Facere sunt libero porro totam enim. Quisquam eius et tenetur ut expedita explicabo similique. Laboriosam eos itaque assumenda eligendi voluptates. Voluptas ducimus commodi nesciunt fugiat est.', 0, '2019-03-18 17:33:17', '2019-03-18 17:33:17'),
(16, 29, 'Mary Dare', 'Dolor quia voluptatem tempora repudiandae. Eos minima porro alias. Saepe doloribus aspernatur deleniti eius aut sed quisquam. Aut a doloribus eum libero atque asperiores odit.', 1, '2019-03-18 17:33:17', '2019-03-18 17:33:17'),
(17, 40, 'Loraine Schroeder PhD', 'Illo amet qui animi repellendus. Molestias deleniti voluptate molestiae voluptatum quia praesentium. Necessitatibus pariatur ex porro qui.', 5, '2019-03-18 17:33:17', '2019-03-18 17:33:17'),
(18, 21, 'Mrs. Abbigail McDermott', 'Deleniti quaerat eos ut aliquam. Ea et qui minima. Consequatur et recusandae omnis eveniet. Aut dolorem eligendi expedita veritatis.', 4, '2019-03-18 17:33:17', '2019-03-18 17:33:17'),
(19, 8, 'Fletcher Simonis', 'Sunt nihil repudiandae consequatur in tempora aliquid cupiditate. Placeat ipsum ducimus libero dolores illo rem sunt. Aut fugiat totam harum. Dicta esse suscipit quia et ut libero ut.', 3, '2019-03-18 17:33:17', '2019-03-18 17:33:17'),
(20, 39, 'Mrs. Kacie Cruickshank II', 'Quo nobis mollitia sequi. Aut molestiae tempora facilis eveniet. Dolorem rerum quam facere architecto enim qui. Neque ad nesciunt nostrum omnis cupiditate voluptatem.', 5, '2019-03-18 17:33:17', '2019-03-18 17:33:17'),
(21, 2, 'Baylee Hammes', 'Animi accusantium excepturi tenetur illo quo qui. Adipisci repellendus exercitationem temporibus animi tempora. Suscipit et ipsa accusantium aut sequi consequatur placeat.', 4, '2019-03-18 17:33:17', '2019-03-18 17:33:17'),
(22, 17, 'Ms. Ariane Blick', 'Veniam quasi sit dolor autem illum in quaerat odit. Voluptas ullam id quia sit commodi quasi. Sit magni velit tempore perferendis perferendis. Voluptate inventore pariatur qui earum voluptas expedita minus.', 1, '2019-03-18 17:33:17', '2019-03-18 17:33:17'),
(23, 18, 'Blair Fay Sr.', 'Occaecati aut est sed ipsam. Et consequatur sed quidem voluptatum unde.', 4, '2019-03-18 17:33:17', '2019-03-18 17:33:17'),
(24, 27, 'Will Conn', 'Alias aut dolor officiis voluptate sequi in. Occaecati velit rerum voluptates. Incidunt doloremque aperiam beatae.', 4, '2019-03-18 17:33:17', '2019-03-18 17:33:17'),
(25, 28, 'Mr. Leopoldo Wolff', 'Ut sunt praesentium aut blanditiis est eum odit. Culpa tenetur quos iure. Accusantium accusamus sed voluptatem animi amet tempore.', 0, '2019-03-18 17:33:17', '2019-03-18 17:33:17'),
(26, 29, 'Dr. Pierre Johns V', 'Magnam labore quia qui quisquam doloremque fugit voluptatem. Voluptas suscipit odit quaerat veritatis enim ipsum. Vero molestias placeat iure laboriosam ex ea expedita. Dolore delectus possimus assumenda minus adipisci.', 2, '2019-03-18 17:33:17', '2019-03-18 17:33:17'),
(27, 11, 'Mr. Jerrell Shields', 'Repellendus laborum harum perferendis molestiae. Veniam sint ipsa architecto impedit. Rerum nihil illum ut ut in sint.', 0, '2019-03-18 17:33:17', '2019-03-18 17:33:17'),
(28, 13, 'Mrs. Amalia Wuckert III', 'In dolor occaecati quia impedit quibusdam molestiae odio. Nisi quo rem fugiat voluptatem rerum inventore soluta. Quisquam ut non dicta consequatur aut suscipit. Possimus quo vel omnis rerum nam voluptatem vel.', 2, '2019-03-18 17:33:17', '2019-03-18 17:33:17'),
(29, 45, 'Dr. Penelope Casper', 'Qui placeat optio at. Sit ad doloribus dignissimos ea molestiae praesentium.', 5, '2019-03-18 17:33:17', '2019-03-18 17:33:17'),
(30, 31, 'Oscar Borer', 'Reprehenderit omnis sequi et quisquam ea veniam. Id voluptate sed natus non. Ut non rerum et non perferendis sit optio. Dicta tenetur voluptatem eum molestiae.', 1, '2019-03-18 17:33:17', '2019-03-18 17:33:17'),
(31, 29, 'Geo Hoppe', 'Dolorem est expedita sunt magnam ab voluptas exercitationem dolores. Vero voluptatem at dolore occaecati provident. Et iusto eos ex vero impedit blanditiis. Id sit et quo officia explicabo minus est dolores.', 3, '2019-03-18 17:33:17', '2019-03-18 17:33:17'),
(32, 15, 'Gabriel Prohaska', 'In ducimus non earum ut vitae ea exercitationem. Deserunt et qui deleniti est voluptas. Eum reiciendis quaerat repellat dignissimos et et quae. Fugiat accusantium ratione nam dolor autem et illo culpa. Repellendus tempore similique eum.', 3, '2019-03-18 17:33:18', '2019-03-18 17:33:18'),
(33, 1, 'Jadyn Jast', 'Non asperiores et et autem. Et nihil vel saepe illo. Laudantium officia aut harum voluptatum officia. Itaque debitis sit impedit ab harum eveniet nemo. Sed fuga dolore voluptatem porro quaerat error.', 2, '2019-03-18 17:33:18', '2019-03-18 17:33:18'),
(34, 47, 'Zachariah Rosenbaum', 'Debitis in ut molestias ut odit doloribus eius. Modi repudiandae qui ut fugiat sed dolor. Error voluptas qui magni aperiam. Sint esse cumque quis et reprehenderit quis.', 1, '2019-03-18 17:33:18', '2019-03-18 17:33:18'),
(35, 44, 'Candelario Murazik Jr.', 'Eaque excepturi quibusdam adipisci. Id consequuntur non ex et blanditiis tempora magnam. Quaerat cum totam maxime. Unde delectus esse fuga dolorum aut id. Tempora qui magni sunt aut.', 4, '2019-03-18 17:33:18', '2019-03-18 17:33:18'),
(36, 50, 'Federico Kuhn', 'Reiciendis dicta minima optio iusto. Debitis voluptatem recusandae modi omnis sapiente aspernatur qui. Ab eveniet facere officiis in a dolorem aut non. Iure consequatur sint delectus nulla accusamus similique.', 0, '2019-03-18 17:33:18', '2019-03-18 17:33:18'),
(37, 32, 'Trenton Luettgen MD', 'Repellat alias architecto consequatur asperiores et ullam. Amet voluptatem sunt consequatur consequuntur porro non. Vel est ut corporis ipsam asperiores sunt deleniti.', 5, '2019-03-18 17:33:18', '2019-03-18 17:33:18'),
(38, 16, 'Brice Johnston', 'Et libero exercitationem eius adipisci. Iusto aut possimus nostrum illum accusamus quis. Autem ratione et pariatur in. Ipsa omnis et in.', 1, '2019-03-18 17:33:18', '2019-03-18 17:33:18'),
(39, 15, 'Leanna Bauch Jr.', 'Facilis itaque dignissimos voluptatem non dicta rem. Ut eligendi iure rerum ut ipsam. Esse inventore et sint aliquid cum tempora.', 1, '2019-03-18 17:33:18', '2019-03-18 17:33:18'),
(40, 10, 'Estel Rohan', 'Eligendi debitis aliquid quis quo quos consequatur. Vel quam fuga suscipit adipisci cupiditate doloribus veniam.', 4, '2019-03-18 17:33:18', '2019-03-18 17:33:18'),
(41, 49, 'Prof. Morgan Corkery IV', 'Excepturi voluptas et ut impedit cum. Dolorem ut debitis et pariatur exercitationem aspernatur et.', 2, '2019-03-18 17:33:18', '2019-03-18 17:33:18'),
(42, 13, 'Hope Rowe', 'Et qui eos eum suscipit vel quia. Consequatur atque nam error modi. Officia repudiandae eius voluptate nam porro maiores.', 1, '2019-03-18 17:33:18', '2019-03-18 17:33:18'),
(43, 34, 'Andreanne Hackett', 'Vel vitae consectetur at est quidem similique qui. Odio et cum doloremque iste eligendi itaque accusamus. Voluptatum error ducimus beatae dicta sequi ullam. Maiores voluptas sunt eaque pariatur asperiores sit.', 0, '2019-03-18 17:33:18', '2019-03-18 17:33:18'),
(44, 22, 'Elva Kautzer', 'Necessitatibus et et placeat eveniet. Est amet ipsam praesentium repellat et. Ut eveniet doloremque veniam incidunt exercitationem ipsam.', 0, '2019-03-18 17:33:18', '2019-03-18 17:33:18'),
(45, 20, 'Grover Sanford', 'Eos perferendis pariatur veniam sint aut magni. Est aut qui atque voluptatum nobis. Vel qui reprehenderit ea eos rerum beatae repellat. Magnam voluptates eaque autem neque ad qui pariatur.', 5, '2019-03-18 17:33:18', '2019-03-18 17:33:18'),
(46, 9, 'Ms. Stacy Ratke PhD', 'Et aut nisi dignissimos iure nostrum labore vel. Et delectus dolores quisquam quo voluptatem ut. Occaecati occaecati debitis suscipit odio quo dolorem. Voluptas quam nemo rerum voluptatem. Libero sit distinctio enim omnis consequuntur.', 3, '2019-03-18 17:33:18', '2019-03-18 17:33:18'),
(47, 43, 'Ms. Mariela Kerluke', 'Repudiandae dolores ducimus at ex sapiente. Sunt officiis placeat deserunt sunt et. Illo quam ad sit eum necessitatibus harum sit et. Quia consequuntur et excepturi laboriosam quisquam.', 0, '2019-03-18 17:33:18', '2019-03-18 17:33:18'),
(48, 8, 'Mr. Ernesto Shields V', 'Sint atque voluptatem laudantium iste quo. Nesciunt ipsa voluptates veniam placeat. Vero sunt occaecati exercitationem. Quibusdam amet consequatur corporis enim in.', 0, '2019-03-18 17:33:18', '2019-03-18 17:33:18'),
(49, 47, 'Daija Abbott', 'Enim enim laudantium molestias necessitatibus asperiores ipsam numquam. Enim fugiat accusantium officia eius velit veritatis quaerat. Possimus tempora alias nemo animi.', 2, '2019-03-18 17:33:18', '2019-03-18 17:33:18'),
(50, 44, 'Laurie Boyle', 'Quod repellat eligendi ea totam sit dignissimos veniam. Recusandae qui ea non voluptas id quod magni. Esse cum numquam dolorem aut qui harum quo id.', 2, '2019-03-18 17:33:18', '2019-03-18 17:33:18'),
(51, 14, 'Arvid O\'Keefe', 'Harum dicta quia dolorem consequatur nihil. Quidem error ut omnis repellendus.', 1, '2019-03-18 17:33:18', '2019-03-18 17:33:18'),
(52, 26, 'Janie Gottlieb PhD', 'Culpa ut eius reprehenderit sunt et maxime eaque. Est vitae ut est ipsum ab. Consequatur et et et vel. Molestias voluptatem quisquam hic accusantium aut.', 4, '2019-03-18 17:33:18', '2019-03-18 17:33:18'),
(53, 10, 'Ewell Williamson', 'Dignissimos autem harum et omnis. Est eaque sit aut enim quia pariatur vero est. Laborum esse sit a voluptatibus quas qui aperiam consequatur.', 4, '2019-03-18 17:33:18', '2019-03-18 17:33:18'),
(54, 47, 'Prof. Kurt Kreiger II', 'Fugit cum est eos aspernatur numquam distinctio impedit. Libero voluptas quod magnam ullam. Illo qui maiores est eum sunt.', 4, '2019-03-18 17:33:18', '2019-03-18 17:33:18'),
(55, 18, 'Liliana Lang', 'Velit aut incidunt accusantium amet numquam omnis maxime in. Eos est quisquam dolor et rerum beatae. Odit ex earum ipsum vel.', 0, '2019-03-18 17:33:18', '2019-03-18 17:33:18'),
(56, 45, 'Samanta Rodriguez', 'Vero est aut voluptatem assumenda qui. Et est maiores sed consequatur maiores asperiores. Et necessitatibus autem dicta quia maiores placeat eius.', 1, '2019-03-18 17:33:18', '2019-03-18 17:33:18'),
(57, 37, 'Gustave Hansen', 'Rem ea numquam et. Temporibus cum debitis doloribus distinctio rerum. Autem ut dolor sunt. Omnis nulla et maxime officia consequuntur.', 3, '2019-03-18 17:33:18', '2019-03-18 17:33:18'),
(58, 3, 'Dr. Miller Littel', 'Officiis voluptate delectus ratione dolore accusamus. Animi eius sint doloribus sunt. Repudiandae cupiditate nihil sint. Minus vel et vero veritatis accusamus in sed. Maiores ipsum numquam nam architecto saepe nesciunt et.', 3, '2019-03-18 17:33:18', '2019-03-18 17:33:18'),
(59, 21, 'Jada Dare', 'Neque et tempore et dolor doloremque magni asperiores. Culpa id autem eos tenetur sed omnis et id. Omnis distinctio rerum in est nostrum distinctio excepturi.', 0, '2019-03-18 17:33:18', '2019-03-18 17:33:18'),
(60, 21, 'Dr. Aric Dicki II', 'Voluptates nam ut molestiae error similique. Dicta voluptates ut ut vel et animi. Veniam sed tempora rerum sequi quaerat.', 1, '2019-03-18 17:33:18', '2019-03-18 17:33:18'),
(61, 30, 'Prof. Antonietta Dare IV', 'Ut nisi vero nostrum eos itaque quo. Fugit non eveniet ad vel alias deserunt. Quo eveniet inventore accusamus molestiae id molestiae non. Et aperiam autem sunt odio unde cupiditate quod.', 3, '2019-03-18 17:33:18', '2019-03-18 17:33:18'),
(62, 14, 'Al Bailey', 'Ut accusantium quo explicabo in. Beatae accusantium sunt sint enim tempora et. Totam rerum voluptatum eos ut.', 5, '2019-03-18 17:33:18', '2019-03-18 17:33:18'),
(63, 28, 'Anne Paucek', 'Necessitatibus voluptatum aut enim iste velit non iusto. Quibusdam ut quam vel est laborum blanditiis quisquam. Sed dolorum sit necessitatibus aut eligendi cupiditate. Dolore fugiat et possimus quia sapiente est.', 0, '2019-03-18 17:33:18', '2019-03-18 17:33:18'),
(64, 5, 'Gay Breitenberg', 'Amet dolore blanditiis deserunt saepe. Voluptatem nesciunt quaerat nostrum ducimus. Sunt quis quis quis tempora vel autem necessitatibus.', 0, '2019-03-18 17:33:18', '2019-03-18 17:33:18'),
(65, 5, 'Jessyca Blick', 'Voluptatibus eveniet commodi dolorum non dolor est vitae. Aut laborum tempore illum eum iure veniam. Molestiae magnam accusamus eius optio porro. Vitae quibusdam non quo.', 4, '2019-03-18 17:33:18', '2019-03-18 17:33:18'),
(66, 22, 'Dolores Marks', 'Qui corrupti molestiae asperiores repellat error. Qui reiciendis quia pariatur commodi et commodi. Non placeat ducimus nihil ducimus assumenda. Repellat explicabo nemo amet inventore sed.', 3, '2019-03-18 17:33:18', '2019-03-18 17:33:18'),
(67, 50, 'Prof. Darius Hermann', 'Delectus aut necessitatibus dolores culpa. Numquam sunt illum et voluptatem odio repellendus autem perferendis. Impedit odit expedita adipisci voluptas aperiam.', 3, '2019-03-18 17:33:18', '2019-03-18 17:33:18'),
(68, 7, 'Jacinthe Jaskolski', 'Omnis necessitatibus est eos consequatur. At esse ut repellat asperiores. Accusantium asperiores earum modi est quibusdam voluptate. Molestias enim dolorum soluta enim saepe. Nobis omnis deleniti ipsa nihil repudiandae commodi.', 2, '2019-03-18 17:33:18', '2019-03-18 17:33:18'),
(69, 35, 'Miss Veronica O\'Reilly DDS', 'Nisi iusto sed amet accusamus est. Dolores ut culpa pariatur qui maiores voluptatem. Veniam asperiores aliquam quisquam aut nostrum consequatur maiores. Ipsum eum numquam consequatur dolorem a odio.', 2, '2019-03-18 17:33:19', '2019-03-18 17:33:19'),
(70, 28, 'Penelope Wyman V', 'Deserunt est nihil accusamus voluptas dolor. Dolorum aut molestiae esse voluptatem porro et. Libero molestiae natus perferendis molestias labore non commodi.', 3, '2019-03-18 17:33:19', '2019-03-18 17:33:19'),
(71, 31, 'Myrtle Hartmann', 'Autem aut et quod voluptatem inventore qui. Neque rem voluptatibus placeat dolores velit magni. Est harum dolorem quidem quas et.', 5, '2019-03-18 17:33:19', '2019-03-18 17:33:19'),
(72, 37, 'Dr. Terry Stoltenberg DDS', 'Eligendi veniam et nemo. Eius porro natus nulla aut ipsa et vitae. Quasi qui facere quae esse nobis voluptas ut.', 5, '2019-03-18 17:33:19', '2019-03-18 17:33:19'),
(73, 4, 'Prof. Stacey Gerlach', 'Ea optio quis laudantium beatae vero eligendi. Ut quisquam accusamus veritatis deleniti eum. Odio occaecati vero fuga autem qui voluptates. Nihil sapiente eveniet perspiciatis et voluptas dolor. Aut eos soluta voluptatum autem.', 0, '2019-03-18 17:33:19', '2019-03-18 17:33:19'),
(74, 39, 'Miss Herminia Hyatt Sr.', 'Eum amet qui alias. Sed consectetur cupiditate similique odit dolores. Laboriosam iure veritatis est aut et consequatur sunt vitae.', 0, '2019-03-18 17:33:19', '2019-03-18 17:33:19'),
(75, 14, 'Alex Larkin', 'Inventore quisquam ipsam impedit et nihil illo. Atque alias doloremque ut facilis similique dolore. Velit maiores sed quia velit. Voluptas voluptates perspiciatis est animi velit. Quisquam rem impedit expedita mollitia et quo.', 3, '2019-03-18 17:33:19', '2019-03-18 17:33:19'),
(76, 8, 'Adela Grant', 'Et consequatur sit id qui officiis possimus tenetur. Exercitationem voluptatem et officiis ab est sed repudiandae. Quaerat ipsam aut quis odit.', 5, '2019-03-18 17:33:19', '2019-03-18 17:33:19'),
(77, 7, 'Retha Rippin', 'Error voluptatibus autem et animi. Omnis labore nostrum ex earum iusto exercitationem eum. Inventore omnis aut laudantium omnis mollitia eius. Et rerum beatae illo ab ab nisi quod.', 1, '2019-03-18 17:33:19', '2019-03-18 17:33:19'),
(78, 12, 'Francisco Koch', 'Repellendus ducimus totam voluptas hic velit quas est eligendi. Rerum magnam error provident non. Quas sequi ipsam accusamus et occaecati molestiae repellat.', 2, '2019-03-18 17:33:19', '2019-03-18 17:33:19'),
(79, 40, 'Beatrice Kuhn PhD', 'Vitae eos qui quod nulla enim et ullam. Sit provident et dolorum rerum molestiae hic autem. Magni quo magni molestias quae.', 4, '2019-03-18 17:33:19', '2019-03-18 17:33:19'),
(80, 12, 'Benedict Auer', 'Consequatur in exercitationem doloremque est earum odio. In nam eligendi eos assumenda perspiciatis. Autem incidunt sequi pariatur quas.', 0, '2019-03-18 17:33:19', '2019-03-18 17:33:19'),
(81, 45, 'Domenic Schaefer', 'Qui molestiae quo sint culpa dolorem. Vitae modi animi vitae et. Quam perspiciatis suscipit voluptas impedit odio. Nemo id ea consequatur delectus voluptatem et aut. Autem molestias nihil accusamus fugit quas aliquid.', 0, '2019-03-18 17:33:19', '2019-03-18 17:33:19'),
(82, 9, 'Adela McClure', 'Doloribus numquam qui voluptatem eum ad. Similique quia mollitia consequatur in dolorem quod ut explicabo. Architecto dolores qui corrupti autem qui beatae accusantium.', 0, '2019-03-18 17:33:19', '2019-03-18 17:33:19'),
(83, 42, 'Prof. Ignacio Kuhn DDS', 'Tempore autem sit ducimus laborum sit. At aut et sequi omnis molestias. Consequuntur et at aspernatur quas nihil voluptatibus. Omnis facere aspernatur aut ut tempore. Facilis quibusdam eum dolores et.', 3, '2019-03-18 17:33:19', '2019-03-18 17:33:19'),
(84, 20, 'Prof. Helen O\'Kon DDS', 'Sit id labore quia ab et doloribus deleniti. Maiores explicabo nulla sequi dicta optio nulla.', 4, '2019-03-18 17:33:19', '2019-03-18 17:33:19'),
(85, 18, 'Louie Greenfelder III', 'Earum fuga eos itaque nesciunt sunt numquam est id. Repudiandae laborum qui dignissimos impedit in aut. Quam quasi qui quisquam pariatur adipisci sunt.', 5, '2019-03-18 17:33:19', '2019-03-18 17:33:19'),
(86, 13, 'Mrs. Maymie Blanda', 'Rerum cumque occaecati nisi omnis et pariatur. Velit quis error nulla ea deserunt aliquid. Tempora est eum dignissimos illum aut voluptatum quidem.', 3, '2019-03-18 17:33:19', '2019-03-18 17:33:19'),
(87, 45, 'Dr. Audra Cassin', 'Est qui quo ullam voluptatem et. Itaque nostrum tempore minus fugit cumque libero excepturi voluptatem. Porro et quaerat officiis voluptas alias. Laboriosam praesentium labore quos enim. Consequatur eum omnis possimus vel dignissimos exercitationem.', 1, '2019-03-18 17:33:19', '2019-03-18 17:33:19'),
(88, 6, 'Eli Jaskolski', 'Labore dicta ullam soluta. Dolorem consectetur harum voluptas sint totam. Rem explicabo sit culpa quis.', 3, '2019-03-18 17:33:19', '2019-03-18 17:33:19'),
(89, 1, 'Prof. Raven Casper MD', 'Voluptatem et minus eum voluptas autem sunt. Accusamus ex excepturi autem asperiores animi nesciunt voluptatibus.', 2, '2019-03-18 17:33:19', '2019-03-18 17:33:19'),
(90, 50, 'Devon Bode', 'Ipsam ea ut laborum eos tenetur eum. Perferendis quae minus possimus. Perferendis sit sint in dolore voluptatem voluptas ad.', 1, '2019-03-18 17:33:19', '2019-03-18 17:33:19'),
(91, 44, 'Perry Hackett', 'Qui asperiores quod perferendis enim velit saepe. Odit impedit excepturi voluptas magnam nihil aliquid. Dolorem et itaque nihil aut at quidem. Ut aut ut fugiat. Et amet aut cum explicabo eveniet et.', 5, '2019-03-18 17:33:19', '2019-03-18 17:33:19'),
(92, 13, 'Arlie Sauer', 'Perspiciatis dolores nulla autem placeat. Soluta qui sapiente quia dolorum reiciendis qui. Sint eligendi et consectetur dicta. Deserunt quis voluptate officia sed reiciendis esse. Autem harum nesciunt omnis aut neque.', 3, '2019-03-18 17:33:19', '2019-03-18 17:33:19'),
(93, 13, 'Prof. Hilma Gusikowski III', 'Asperiores ea atque iusto temporibus. Eum eius iste facilis voluptatem quod autem molestiae.', 5, '2019-03-18 17:33:19', '2019-03-18 17:33:19'),
(94, 3, 'Kacey O\'Kon', 'Dolorum ducimus et vel laborum tempora beatae. Aliquid totam molestiae vitae accusamus itaque distinctio amet.', 4, '2019-03-18 17:33:19', '2019-03-18 17:33:19'),
(95, 29, 'Eula Schuster', 'Modi est cum natus commodi quidem deserunt neque et. Impedit molestias odit eveniet illo rerum magni sit perferendis. Omnis facilis consequatur ipsum voluptatem consequatur aut repellendus. Velit alias voluptas accusamus qui harum.', 1, '2019-03-18 17:33:19', '2019-03-18 17:33:19'),
(96, 28, 'Jamal Mayert DVM', 'Suscipit expedita sequi culpa aliquid. Et et quia voluptatibus esse. Veniam eius molestias deleniti harum nam. Doloremque neque vel assumenda atque minus soluta.', 3, '2019-03-18 17:33:19', '2019-03-18 17:33:19'),
(97, 17, 'Andre Dooley', 'Assumenda eos adipisci vero unde earum nostrum amet. Optio doloribus sed veritatis recusandae voluptas dolores vero. Architecto beatae aliquid qui similique iusto eveniet. Et qui eum nulla veniam dolor porro quia voluptas.', 4, '2019-03-18 17:33:19', '2019-03-18 17:33:19'),
(98, 22, 'Ms. Celine Rowe', 'Quis cum amet quia consequatur. Quas aperiam ratione omnis dignissimos eos. Consequuntur ut molestiae quo temporibus.', 1, '2019-03-18 17:33:19', '2019-03-18 17:33:19'),
(99, 26, 'Prof. Alessandro Graham', 'Excepturi eos deleniti dolorum voluptatum sint. Rerum incidunt quia nam vitae animi ut quia. Consequatur iste sit quis consequatur natus omnis.', 0, '2019-03-18 17:33:19', '2019-03-18 17:33:19'),
(100, 20, 'Prof. Antoinette Miller DDS', 'Nostrum quia molestias fugiat quia voluptatem libero et. Aliquid necessitatibus corporis quisquam deleniti rerum reiciendis. Et odit rerum omnis expedita totam assumenda nesciunt accusamus.', 5, '2019-03-18 17:33:19', '2019-03-18 17:33:19'),
(101, 17, 'Susie Lowe', 'Totam libero sunt aut esse. Magni voluptatem quis libero vel aliquam consequuntur.', 3, '2019-03-18 17:33:19', '2019-03-18 17:33:19'),
(102, 23, 'Daren Wiegand', 'Enim sapiente totam est est. Excepturi ipsam ut fugiat vitae veniam.', 2, '2019-03-18 17:33:19', '2019-03-18 17:33:19'),
(103, 17, 'Mrs. Mellie Volkman Sr.', 'Nam quidem dolorum quas doloribus neque aut. Perferendis rerum voluptatem hic aut vel qui quas.', 5, '2019-03-18 17:33:19', '2019-03-18 17:33:19'),
(104, 13, 'Electa Schowalter MD', 'Expedita corrupti maiores hic velit voluptatem. Fuga quibusdam minus repellat consequatur doloribus unde repellendus. Accusamus qui pariatur similique voluptas et voluptates fugiat. Iusto molestiae qui maiores similique.', 0, '2019-03-18 17:33:19', '2019-03-18 17:33:19'),
(105, 50, 'Ava Friesen', 'Neque debitis tempore non cum sit quia. Aperiam accusantium praesentium excepturi enim facere possimus. Rerum dignissimos ut expedita tenetur est.', 0, '2019-03-18 17:33:19', '2019-03-18 17:33:19'),
(106, 11, 'Tad Cole', 'Necessitatibus qui illum aliquid. Rem quia maxime eius sequi eius consequatur. Laborum ea rem est ut laborum. Reiciendis impedit quod minus laborum sint pariatur. Ipsa facere et voluptas saepe ex sint et.', 1, '2019-03-18 17:33:19', '2019-03-18 17:33:19'),
(107, 44, 'Dr. Adrien Gleason V', 'Non laudantium atque similique porro sed. Sunt deserunt error distinctio possimus voluptas consequatur qui beatae. Hic sit tempore ea sed reiciendis eos. Enim exercitationem dolorem reiciendis eos rerum porro doloremque voluptatem.', 3, '2019-03-18 17:33:19', '2019-03-18 17:33:19'),
(108, 15, 'Mohamed Bruen', 'Omnis facilis veritatis earum deserunt laboriosam. Repellendus neque aspernatur temporibus architecto.', 1, '2019-03-18 17:33:19', '2019-03-18 17:33:19'),
(109, 26, 'Dr. Carleton Bauch', 'Quia sunt tempora necessitatibus. Quod eveniet laudantium nulla excepturi dolore omnis nihil accusantium. Quis voluptas maxime velit a doloribus.', 5, '2019-03-18 17:33:19', '2019-03-18 17:33:19'),
(110, 27, 'Thora Koss MD', 'Nam veniam asperiores nesciunt. Quisquam accusantium sed a molestiae. Ab saepe voluptatem saepe modi similique.', 5, '2019-03-18 17:33:19', '2019-03-18 17:33:19'),
(111, 38, 'Monserrat Ward', 'Accusamus quisquam blanditiis et. Nemo ut aliquid hic omnis culpa. Aut ipsum occaecati quo et.', 4, '2019-03-18 17:33:19', '2019-03-18 17:33:19'),
(112, 47, 'Prof. Maximillia Prohaska', 'Et iusto aperiam ut reiciendis deleniti aliquid. Et blanditiis sit hic atque ea voluptatem corrupti. Earum sunt a voluptas tempora incidunt.', 3, '2019-03-18 17:33:19', '2019-03-18 17:33:19'),
(113, 46, 'Sammy Harris', 'Tempora quia eveniet ipsum nihil. Enim dolor architecto ut repellendus incidunt et. Sit exercitationem sed voluptates sapiente architecto dolores.', 5, '2019-03-18 17:33:19', '2019-03-18 17:33:19'),
(114, 32, 'Dr. Grayce Balistreri', 'Enim magni voluptatibus non in ducimus quas nemo. Aut illo laborum et et quo quam natus. Enim ad debitis culpa.', 1, '2019-03-18 17:33:19', '2019-03-18 17:33:19'),
(115, 40, 'Myrna Prosacco IV', 'Accusamus exercitationem qui tenetur quia harum in qui velit. Enim dolores earum assumenda molestiae cum. Non error ut voluptas harum neque et.', 4, '2019-03-18 17:33:19', '2019-03-18 17:33:19'),
(116, 36, 'Ms. Myrtie Goodwin II', 'Sit suscipit id saepe quas. Laborum a distinctio adipisci temporibus aut. Quod voluptatum reiciendis voluptas ipsam.', 0, '2019-03-18 17:33:19', '2019-03-18 17:33:19'),
(117, 42, 'Carolina Graham MD', 'Tempore sunt blanditiis qui harum labore. Consequuntur inventore dolorem aliquam voluptatem aut aut dolorum odit. Quidem ea nesciunt ducimus.', 1, '2019-03-18 17:33:19', '2019-03-18 17:33:19'),
(118, 25, 'Dr. Garland Funk', 'Modi voluptas eos eos excepturi fugit similique. Corrupti quo voluptate rerum est ducimus alias odio quia. In sit rerum sunt natus rerum.', 3, '2019-03-18 17:33:19', '2019-03-18 17:33:19'),
(119, 40, 'Ardella Schuster', 'Harum rerum ut deleniti voluptates ex aut. Est aut enim molestiae labore et sapiente rerum. Aliquam eos error maxime accusantium qui dolor laboriosam. Quis quasi eligendi et nihil.', 4, '2019-03-18 17:33:19', '2019-03-18 17:33:19'),
(120, 25, 'Bailey Gibson', 'Aspernatur magnam enim quia quia. Ab dolorum qui qui et harum. Consequatur eos rerum non.', 3, '2019-03-18 17:33:19', '2019-03-18 17:33:19'),
(121, 44, 'Nicola Pollich', 'Quasi ipsum dolorum qui dolorem ratione. Ut similique esse officiis omnis consequatur est. Explicabo iure ut minus. Sed sunt consectetur beatae animi ipsum.', 1, '2019-03-18 17:33:19', '2019-03-18 17:33:19'),
(122, 8, 'Rachel Deckow', 'Qui officia itaque ipsam quia ea. Ullam qui omnis recusandae illum nesciunt. Aut dolores quidem voluptas deserunt repellat sit in.', 0, '2019-03-18 17:33:19', '2019-03-18 17:33:19'),
(123, 32, 'Prof. Georgette Herzog', 'Possimus dolores sit qui eaque exercitationem. Et et voluptatem et. Nulla dolores ut numquam rerum non et deserunt.', 5, '2019-03-18 17:33:19', '2019-03-18 17:33:19'),
(124, 49, 'Prof. Tyrell Heidenreich', 'Debitis incidunt et aspernatur quis ipsa labore. Rem beatae ab sit rerum quam ad quisquam beatae. Similique nostrum atque et ullam odio ex.', 2, '2019-03-18 17:33:19', '2019-03-18 17:33:19'),
(125, 9, 'Mrs. Ofelia Ortiz Jr.', 'Fugiat dignissimos exercitationem reiciendis illum inventore doloremque velit. Qui consequatur accusamus voluptas voluptas. Cupiditate commodi atque cupiditate laboriosam praesentium. Provident molestias nihil recusandae rem nihil sit. Nemo dolore ad at dolorem.', 3, '2019-03-18 17:33:20', '2019-03-18 17:33:20'),
(126, 24, 'Dustin Strosin', 'Quia maiores voluptate ipsam. Voluptatem sed sint qui dolorem eius voluptas. Aperiam explicabo ipsam consectetur officiis id.', 2, '2019-03-18 17:33:20', '2019-03-18 17:33:20'),
(127, 5, 'Magali Wolff', 'Ut provident est nesciunt at veniam qui rem ut. Molestiae ullam nobis quae tempora explicabo. Sit explicabo ullam quo voluptates excepturi.', 3, '2019-03-18 17:33:20', '2019-03-18 17:33:20'),
(128, 33, 'Zachariah Weimann', 'Laborum itaque dolore vel culpa non. Ut perferendis ut eius aut. Voluptate delectus a est et unde optio. Molestiae et totam quo illo.', 1, '2019-03-18 17:33:20', '2019-03-18 17:33:20'),
(129, 44, 'Clarabelle Berge', 'Enim porro a laudantium quae possimus adipisci in. Suscipit fuga pariatur vel est omnis ea libero. Quo quis nisi rerum velit incidunt suscipit.', 1, '2019-03-18 17:33:20', '2019-03-18 17:33:20'),
(130, 12, 'Milan Fadel', 'Velit sit ut minus dolores. Vel nisi libero neque quia dolorum consequatur. Dolor natus eum asperiores id aliquam officiis. Impedit minus quae a in enim sunt nemo nesciunt. Qui vel et consequatur nobis excepturi.', 0, '2019-03-18 17:33:20', '2019-03-18 17:33:20'),
(131, 27, 'Mrs. Otha D\'Amore V', 'Occaecati quia qui soluta nisi maxime dolorem. Fuga nulla expedita nemo ut totam. Repellat aut sed vitae eligendi atque ex.', 4, '2019-03-18 17:33:20', '2019-03-18 17:33:20'),
(132, 46, 'Prof. Louie McGlynn V', 'Ducimus magni id magnam debitis blanditiis velit fugiat. Harum autem a assumenda sunt totam quo. Sit a quis consequatur. Quas odio sit quia hic sequi sint.', 2, '2019-03-18 17:33:20', '2019-03-18 17:33:20'),
(133, 47, 'Morton Prosacco PhD', 'Vel sint quas quia ut atque quia et facere. Voluptatem laborum unde ut facere et sunt quaerat. Assumenda neque sed voluptatem et maxime enim. Dolores et similique tempore rerum qui quis.', 1, '2019-03-18 17:33:20', '2019-03-18 17:33:20'),
(134, 10, 'Monserrate Dickinson', 'Consequatur repellendus deserunt distinctio et quos ratione aut. Dolor repellat distinctio tempore ab aut quia est. Voluptatem ea sint dolores incidunt delectus quia. Iusto rerum accusamus nisi quia aliquam.', 3, '2019-03-18 17:33:20', '2019-03-18 17:33:20'),
(135, 24, 'Celia Paucek', 'Natus et voluptatem aut nisi velit ab. Tempore provident et illum et id molestiae. Itaque animi nulla quis eligendi neque esse quas et.', 5, '2019-03-18 17:33:20', '2019-03-18 17:33:20'),
(136, 22, 'Arthur Schiller', 'Et laborum animi vel dolor in itaque eos. Quo velit ut occaecati neque nemo dignissimos qui. Reprehenderit modi incidunt et. Quibusdam in aliquam in placeat.', 1, '2019-03-18 17:33:20', '2019-03-18 17:33:20'),
(137, 24, 'Ava Ortiz', 'Rerum et corrupti perspiciatis. Assumenda aut impedit perspiciatis autem fugiat mollitia quo. Nam velit ut eum ut eius.', 5, '2019-03-18 17:33:20', '2019-03-18 17:33:20'),
(138, 43, 'Adaline Stokes I', 'Nobis ratione aut iusto esse odit dolore officia. Eveniet officia iure numquam error placeat officia minima.', 5, '2019-03-18 17:33:20', '2019-03-18 17:33:20'),
(139, 8, 'Teresa Bahringer', 'Fugit est et magni earum nobis officia molestias perspiciatis. Est voluptatibus ipsum quidem qui molestias. Inventore asperiores ullam corrupti quisquam dignissimos.', 3, '2019-03-18 17:33:20', '2019-03-18 17:33:20'),
(140, 28, 'Arno Lind', 'Dolor dolores repudiandae quia omnis dolore eveniet omnis. Temporibus quia quaerat voluptatem qui ut sint excepturi. Nihil quisquam neque dicta quibusdam quo.', 4, '2019-03-18 17:33:20', '2019-03-18 17:33:20'),
(141, 23, 'Vanessa Kris', 'Inventore est est eum quae. Officia voluptas molestiae rerum molestiae. Illo atque quia quasi error nam. Sunt aut blanditiis maiores consequatur est vel.', 1, '2019-03-18 17:33:20', '2019-03-18 17:33:20'),
(142, 7, 'Troy Brekke', 'Quam repellat laborum quod magnam. Vitae nulla et aut ut incidunt ratione ducimus. Esse ratione voluptatum et. Ea in quia enim et et et.', 5, '2019-03-18 17:33:20', '2019-03-18 17:33:20'),
(143, 10, 'Prof. Kennith Feest DVM', 'Qui cumque beatae et distinctio in maiores quod. Id quibusdam debitis enim quasi eum ut. Fuga a tenetur eligendi quaerat at neque. Exercitationem molestiae voluptatem et sed quidem.', 5, '2019-03-18 17:33:20', '2019-03-18 17:33:20'),
(144, 43, 'Humberto Lockman', 'Exercitationem necessitatibus cumque impedit aspernatur repellat. Provident iure porro est architecto dolore sit non. Quasi animi accusantium dolores qui.', 5, '2019-03-18 17:33:20', '2019-03-18 17:33:20'),
(145, 37, 'Kirsten Braun', 'Ut omnis ipsum id odio. Saepe incidunt et officiis quia autem. Natus dignissimos exercitationem necessitatibus dolorem delectus aliquam iusto.', 5, '2019-03-18 17:33:20', '2019-03-18 17:33:20'),
(146, 7, 'Bettie Keebler', 'Voluptatem debitis adipisci ipsum quisquam enim. Voluptatum rem et quis odio. Nemo error voluptates natus sed qui deleniti dolorem velit. Id illum sequi inventore voluptates quo reiciendis commodi.', 0, '2019-03-18 17:33:20', '2019-03-18 17:33:20'),
(147, 47, 'Christa Hudson', 'Provident placeat minima et hic. Incidunt quia aut provident. Sunt non accusantium laudantium nihil aut.', 4, '2019-03-18 17:33:20', '2019-03-18 17:33:20'),
(148, 28, 'Prof. Dora Volkman DDS', 'Vitae sunt veritatis consequuntur et ut reiciendis. Quo est accusantium aut quam repellat. Et aperiam molestias quae enim. Minima vitae mollitia illo laudantium hic officiis eum.', 5, '2019-03-18 17:33:20', '2019-03-18 17:33:20'),
(149, 39, 'Effie O\'Hara', 'Id nihil tenetur facere qui rerum ipsam quas. Cum atque itaque earum commodi et ut. Libero velit mollitia facilis et commodi.', 2, '2019-03-18 17:33:20', '2019-03-18 17:33:20'),
(150, 24, 'Cordell Leuschke IV', 'Ut omnis velit voluptas in eaque enim. Cum molestiae qui rerum recusandae aut voluptatibus aspernatur. Beatae et consequatur sunt dignissimos exercitationem. Temporibus ipsum eligendi rerum facere similique dicta molestiae tempora.', 0, '2019-03-18 17:33:20', '2019-03-18 17:33:20'),
(151, 22, 'Jammie Schroeder', 'In nam corrupti provident voluptas temporibus est. Eos eos aut tenetur suscipit consequuntur soluta recusandae. Dolor incidunt id distinctio amet totam. Adipisci repellat praesentium quidem molestiae expedita aliquam.', 5, '2019-03-18 17:33:20', '2019-03-18 17:33:20'),
(152, 15, 'Dr. Eloise Ebert', 'Itaque cum explicabo distinctio ab ut porro. Iste et esse officiis quasi nihil. Qui aut dolor labore rerum autem dolores. Et consequatur et quisquam aut unde ab.', 5, '2019-03-18 17:33:20', '2019-03-18 17:33:20'),
(153, 43, 'Kacey Brown', 'Pariatur esse illo eos dolorem illum est. Occaecati odit numquam dolorem accusamus soluta magnam et quos. Facere ullam alias repellendus quos numquam quis.', 4, '2019-03-18 17:33:20', '2019-03-18 17:33:20'),
(154, 48, 'Pat Littel', 'Voluptas provident iste enim eos voluptatem enim. Sed et et eligendi est temporibus et quaerat. Aut quo et deleniti. Perferendis deleniti eaque labore dignissimos et vel.', 3, '2019-03-18 17:33:20', '2019-03-18 17:33:20'),
(155, 19, 'Lawrence Conn', 'Ut nostrum eum quis natus magnam. Est magni impedit eos.', 2, '2019-03-18 17:33:20', '2019-03-18 17:33:20'),
(156, 16, 'Edison Beatty', 'Odit quis aperiam explicabo maxime quod. Eveniet exercitationem quidem aut sint. Non quae voluptate sint quia quis id quasi. Et rerum natus accusamus quibusdam aperiam optio.', 5, '2019-03-18 17:33:20', '2019-03-18 17:33:20'),
(157, 19, 'Eugenia Schimmel', 'Qui culpa dignissimos qui iure qui. Ab fuga non molestiae assumenda ex. Ea rerum rem est temporibus dolores voluptas. Rerum illum rerum inventore asperiores recusandae asperiores. Repellendus consequuntur explicabo repellendus aliquam sed.', 4, '2019-03-18 17:33:20', '2019-03-18 17:33:20'),
(158, 7, 'Kenneth Torp MD', 'Omnis praesentium omnis iure occaecati ratione quam porro. Totam omnis et qui perferendis rem. Facere debitis voluptatem quibusdam iste earum est necessitatibus.', 5, '2019-03-18 17:33:20', '2019-03-18 17:33:20'),
(159, 1, 'Dr. Howard King', 'Ut quia consequatur reiciendis placeat. Explicabo pariatur autem quis adipisci. Eum tempore ratione reprehenderit minima earum nemo magnam ut. Culpa qui quia deserunt dolores consequatur.', 5, '2019-03-18 17:33:20', '2019-03-18 17:33:20'),
(160, 14, 'Ramona Ledner', 'Inventore sed qui accusantium qui temporibus. Qui sit dolor non asperiores natus molestiae provident magnam. Voluptas vel aut odio odio quaerat. Repudiandae quam sit qui ipsa hic hic suscipit eaque.', 2, '2019-03-18 17:33:20', '2019-03-18 17:33:20'),
(161, 9, 'Miss Genesis Abbott', 'Maiores distinctio voluptatem vitae. Id cum in ea aut illo et delectus velit. Fugiat asperiores architecto voluptatum sit doloribus voluptas. Molestiae est explicabo iusto eos necessitatibus.', 0, '2019-03-18 17:33:20', '2019-03-18 17:33:20'),
(162, 28, 'Stanford Bogisich', 'Dignissimos vel nostrum consequuntur labore minima nobis. Et sit aut deleniti esse provident numquam maxime consequatur. Aut et veritatis consequatur dolorum saepe et. Et earum dolorem rerum quae debitis ipsa.', 2, '2019-03-18 17:33:20', '2019-03-18 17:33:20'),
(163, 23, 'Sedrick Daugherty', 'Dicta numquam quo in. Ut praesentium ea dignissimos at. Et voluptatum in voluptatibus ut.', 5, '2019-03-18 17:33:20', '2019-03-18 17:33:20'),
(164, 48, 'Eduardo Veum', 'Ut ut ut dolor sequi eaque assumenda non. Est omnis eius quos aut quia vel quidem. Sint dolor nesciunt et dolor molestiae. Porro voluptatum impedit enim vero. Consequuntur maiores blanditiis provident.', 1, '2019-03-18 17:33:20', '2019-03-18 17:33:20'),
(165, 50, 'Cyrus Schimmel', 'Numquam dolorem repellendus fugiat qui exercitationem a. Recusandae voluptatem voluptatem minus est nulla reiciendis sint. Quae quo expedita enim dolores rem repellendus. Rerum cumque impedit quis voluptas quas accusantium id.', 5, '2019-03-18 17:33:20', '2019-03-18 17:33:20'),
(166, 50, 'Devin Carter', 'Sit cupiditate odit ipsam sunt voluptatibus sunt laborum sed. Distinctio quia velit illo cum. Omnis praesentium consequatur delectus in soluta omnis.', 4, '2019-03-18 17:33:20', '2019-03-18 17:33:20'),
(167, 48, 'Henri Kub I', 'Voluptas voluptatibus veniam omnis repellat illo assumenda. Aut tempora nam autem maxime totam repellendus alias.', 4, '2019-03-18 17:33:20', '2019-03-18 17:33:20'),
(168, 8, 'Elda Gleichner', 'Quibusdam necessitatibus omnis cupiditate voluptatibus voluptatem architecto. Omnis voluptatem eum quia dolorum. Rem consequatur quos occaecati aut minima.', 0, '2019-03-18 17:33:20', '2019-03-18 17:33:20'),
(169, 29, 'Mrs. Marguerite Lang MD', 'Dolores maxime alias molestiae dolores quod. Sint aut quis esse esse facilis.', 4, '2019-03-18 17:33:20', '2019-03-18 17:33:20'),
(170, 31, 'Rafael Stark', 'Deleniti distinctio voluptate iure illum dolores voluptatem et. Nostrum dignissimos delectus dicta. Nulla debitis laudantium omnis nesciunt eos consequatur. Qui tempora et voluptatem et non omnis ratione.', 4, '2019-03-18 17:33:20', '2019-03-18 17:33:20'),
(171, 22, 'Jany Beahan', 'Consectetur necessitatibus asperiores sed doloremque recusandae fugit eum. Soluta non sint explicabo. Itaque debitis eligendi enim facere quia sit vero. Esse rerum quas maiores pariatur.', 4, '2019-03-18 17:33:20', '2019-03-18 17:33:20'),
(172, 31, 'Rogers Balistreri V', 'Ut quisquam vel architecto sint qui. Error molestiae numquam commodi et. Officiis unde rerum quos rem soluta commodi omnis. Ab nostrum quia iusto maxime illo nihil. Aut eius quae optio saepe aut in.', 2, '2019-03-18 17:33:20', '2019-03-18 17:33:20'),
(173, 48, 'Rudolph Schaefer', 'Unde deserunt aut ratione. In eum omnis aspernatur consectetur sint et consectetur. Consequuntur error illum doloribus aut ut quis aut impedit. Doloribus ducimus maxime enim nobis ipsa.', 5, '2019-03-18 17:33:20', '2019-03-18 17:33:20'),
(174, 38, 'Adonis Goyette IV', 'Saepe laborum quas at perspiciatis. Architecto tenetur atque quia illo id maiores voluptas. Similique exercitationem aspernatur in tenetur minima suscipit. Tenetur placeat assumenda reiciendis assumenda enim eaque quas expedita. Labore doloribus reprehenderit sunt.', 2, '2019-03-18 17:33:20', '2019-03-18 17:33:20'),
(175, 12, 'Cora Howell', 'Doloremque et molestiae non et ut qui ad. Dolores sunt eius quis in exercitationem nihil.', 5, '2019-03-18 17:33:20', '2019-03-18 17:33:20'),
(176, 6, 'Jaime Nolan', 'Tenetur quae omnis ut doloribus enim. Optio voluptas magnam consequatur debitis nemo eligendi aspernatur. Aliquam ratione aut autem possimus vitae. Perspiciatis maiores nesciunt dolores sapiente sit impedit.', 0, '2019-03-18 17:33:21', '2019-03-18 17:33:21'),
(177, 20, 'Thea Wehner', 'Laudantium quam id quis consequatur ut. Sequi at maiores sed quas reiciendis eum dolore. Dicta fugit cumque pariatur et voluptatem id sit. Ut vel molestias earum nesciunt aperiam minus nulla quasi.', 2, '2019-03-18 17:33:21', '2019-03-18 17:33:21'),
(178, 10, 'Alvera Monahan', 'Animi qui blanditiis est et impedit asperiores. Expedita sed dignissimos voluptas exercitationem repellendus. Maiores nulla unde at est fugit at. Mollitia praesentium magni dolorem voluptas.', 1, '2019-03-18 17:33:21', '2019-03-18 17:33:21'),
(179, 34, 'Polly Bergnaum', 'Mollitia vitae sint vero ut consequatur rem fugit. Qui excepturi at fuga qui ut aut doloribus. Natus ullam et velit consequatur. Quod quis officiis laudantium delectus vel ad a sit.', 4, '2019-03-18 17:33:21', '2019-03-18 17:33:21'),
(180, 32, 'Toni Ward', 'Aut laudantium rem perspiciatis dolores. Dolorum repellat et sint quidem saepe fugiat. Sed est distinctio est omnis autem quia nihil.', 2, '2019-03-18 17:33:21', '2019-03-18 17:33:21'),
(181, 7, 'Ernestina Bahringer IV', 'Ex quia tempore culpa officia excepturi. Sit in consequatur nostrum itaque omnis iusto est. Ut sit facilis quia voluptas officiis est. Sint facere voluptatem veritatis labore porro. Commodi quos qui aliquam ea adipisci.', 0, '2019-03-18 17:33:21', '2019-03-18 17:33:21'),
(182, 4, 'Prof. Blair McLaughlin', 'Ut illo alias in eos optio modi ab. Eligendi laborum nostrum sapiente. Architecto blanditiis sed nihil sit quod.', 2, '2019-03-18 17:33:21', '2019-03-18 17:33:21'),
(183, 9, 'Prof. Odie Ruecker', 'Voluptas commodi inventore ut maxime. Ipsum tempora et molestiae sed quo ab sint. Rerum accusantium et non quam non. Delectus culpa tempore omnis error delectus quia explicabo.', 4, '2019-03-18 17:33:21', '2019-03-18 17:33:21'),
(184, 15, 'Annetta Runte', 'Dolores consequatur nisi et in laudantium minima possimus. Eius fuga corrupti doloribus deserunt accusantium. Esse commodi distinctio rerum eos qui vel est.', 4, '2019-03-18 17:33:21', '2019-03-18 17:33:21'),
(185, 23, 'Destini Kreiger', 'Et et eligendi labore sed sunt. Hic amet unde et rerum cum corrupti. Ut aut eius magni qui praesentium et dicta. Similique ut eius illo rerum sit.', 1, '2019-03-18 17:33:21', '2019-03-18 17:33:21'),
(186, 40, 'Amelia Corkery', 'Ut omnis numquam placeat eum architecto quod eos. Maxime rerum aspernatur accusamus itaque. Velit et velit fugiat minus.', 3, '2019-03-18 17:33:21', '2019-03-18 17:33:21'),
(187, 8, 'Daija Abshire', 'Impedit consequatur dolorem sint dolor eum voluptas quia. Error delectus rem veniam cupiditate recusandae dolorum. Consequatur labore ducimus qui.', 1, '2019-03-18 17:33:21', '2019-03-18 17:33:21'),
(188, 26, 'Olen Kovacek', 'Aut provident aspernatur similique nobis praesentium omnis eligendi. Eaque repudiandae sunt repudiandae dolorem. A labore qui non iure ipsa itaque. Harum architecto inventore aut a.', 0, '2019-03-18 17:33:21', '2019-03-18 17:33:21'),
(189, 30, 'Mae Romaguera III', 'Quos repellat possimus molestiae facilis distinctio quibusdam. Soluta autem exercitationem distinctio ex eius iusto. Amet itaque temporibus accusantium nemo earum est molestiae. Commodi rerum quia accusantium natus porro.', 5, '2019-03-18 17:33:21', '2019-03-18 17:33:21'),
(190, 47, 'Miss Romaine Herzog DDS', 'Est velit architecto unde dolorem. Et rem dolores non aliquam pariatur architecto. Sed aut voluptatem dolorem saepe ipsum quo. Veritatis hic et voluptatem sapiente ipsa cum error.', 4, '2019-03-18 17:33:21', '2019-03-18 17:33:21'),
(191, 48, 'Prof. Judge Kohler', 'Eius eligendi ut saepe corrupti id architecto vero. Quod libero beatae et sapiente quas in ipsam dolore. Enim sed aut perferendis inventore unde.', 3, '2019-03-18 17:33:21', '2019-03-18 17:33:21'),
(192, 31, 'Lafayette Will', 'Ut id occaecati consequuntur quia commodi vero. Possimus nulla consequatur qui. Et non et ipsa. Molestias earum nemo dignissimos porro ducimus dicta aliquid.', 0, '2019-03-18 17:33:21', '2019-03-18 17:33:21'),
(193, 38, 'Julio Schroeder', 'Occaecati animi et exercitationem enim. Adipisci sunt nemo ipsam harum cupiditate. At vero amet ut.', 1, '2019-03-18 17:33:21', '2019-03-18 17:33:21'),
(194, 17, 'Prof. Jazmin Ondricka', 'Odio sequi molestias nihil dicta. Et cumque et pariatur porro.', 1, '2019-03-18 17:33:21', '2019-03-18 17:33:21'),
(195, 21, 'Miss Valentina Bartoletti Sr.', 'Eligendi voluptas amet neque veniam. Repellendus rem magni non ea. Nobis nisi fugit magni omnis. Sint omnis neque voluptatem tempore quam nemo.', 2, '2019-03-18 17:33:21', '2019-03-18 17:33:21'),
(196, 9, 'Annamarie Gislason', 'Rem ea beatae suscipit voluptas delectus. Consequuntur et nihil error nam deleniti. Consequatur totam quia enim sint.', 3, '2019-03-18 17:33:21', '2019-03-18 17:33:21'),
(197, 27, 'Carmine Heathcote', 'Sint nulla quod iusto aliquid quam. Consequatur odit nulla eum tempora eum minus et consequuntur. Magni eius harum eum. Assumenda error consequatur aspernatur fugit et.', 2, '2019-03-18 17:33:21', '2019-03-18 17:33:21'),
(198, 42, 'Mr. Fritz Prosacco', 'Impedit voluptas quis officiis dignissimos. Quos voluptatum occaecati eligendi voluptatem consequuntur blanditiis. Id eos amet fugit et quia nostrum.', 1, '2019-03-18 17:33:21', '2019-03-18 17:33:21'),
(199, 34, 'Liliana Skiles', 'Omnis totam accusantium laudantium recusandae nam. Autem voluptates est a quis. Nostrum excepturi accusantium fugit velit est accusamus harum. Officiis error non consequatur commodi qui tempora architecto.', 5, '2019-03-18 17:33:21', '2019-03-18 17:33:21'),
(200, 33, 'Citlalli Gibson', 'Autem provident voluptas fuga. Minus fugiat odit quibusdam voluptatem et quaerat asperiores. Non nostrum est cumque assumenda corporis est.', 2, '2019-03-18 17:33:21', '2019-03-18 17:33:21'),
(201, 33, 'Louie Borer', 'Voluptas culpa quaerat est expedita et occaecati impedit. Minima voluptatem non hic. Inventore dolor quia accusantium aut odit quia.', 4, '2019-03-18 17:33:21', '2019-03-18 17:33:21'),
(202, 9, 'Prof. Marty Ward', 'Rerum nihil occaecati ea ducimus ipsam earum. Perspiciatis omnis pariatur nihil ea. Rerum numquam nemo aliquid.', 0, '2019-03-18 17:33:21', '2019-03-18 17:33:21'),
(203, 48, 'Dr. Jennifer Daniel I', 'At dolorum laboriosam voluptatum commodi eum in ut. Est temporibus aut culpa architecto. Fugiat temporibus sit ab veniam. Molestiae soluta sit sint dicta.', 0, '2019-03-18 17:33:21', '2019-03-18 17:33:21'),
(204, 47, 'Mrs. Stella Leannon', 'Rerum corrupti enim est voluptatem at aut. Maiores necessitatibus ut illo dolores omnis ad. Dolorum ut ut voluptas sed molestias velit.', 1, '2019-03-18 17:33:21', '2019-03-18 17:33:21'),
(205, 9, 'Serenity Beahan', 'Veniam voluptas magnam fuga exercitationem. Est voluptatum eius sequi a a provident cupiditate. Maiores voluptate sint quo quam nihil quia quo. Dolorum quod aliquam quos.', 2, '2019-03-18 17:33:21', '2019-03-18 17:33:21'),
(206, 23, 'Larue Ondricka', 'Omnis id id ut laudantium. Vero illo voluptatem id laudantium aut porro beatae. Facere sit quia veniam ut eaque cumque laudantium. Optio facere sed ut. Sapiente sequi non est corrupti consequatur quia.', 0, '2019-03-18 17:33:21', '2019-03-18 17:33:21'),
(207, 21, 'Edison Harris', 'Fuga perspiciatis nihil velit quo in asperiores reiciendis aut. Velit excepturi expedita aut qui assumenda maiores adipisci cumque. Beatae id et vel magnam.', 5, '2019-03-18 17:33:21', '2019-03-18 17:33:21'),
(208, 47, 'Dr. Jimmy Lockman Sr.', 'Occaecati totam ut quod autem perspiciatis laboriosam harum non. Consectetur doloremque cumque ut cumque labore explicabo est. Quasi voluptas nam occaecati asperiores vel. Reprehenderit sed voluptas illum.', 0, '2019-03-18 17:33:21', '2019-03-18 17:33:21');
INSERT INTO `reviews` (`id`, `product_id`, `customer`, `review`, `star`, `created_at`, `updated_at`) VALUES
(209, 31, 'Jolie Douglas', 'Explicabo eveniet esse nisi eos consequatur vel. Laboriosam qui inventore magnam. Ullam aut sed dicta suscipit repellendus nostrum corrupti maiores.', 0, '2019-03-18 17:33:21', '2019-03-18 17:33:21'),
(210, 8, 'Humberto Berge PhD', 'Tenetur est vel nesciunt et. Quas voluptatem similique impedit velit. Error voluptatum repudiandae quis aliquid voluptas quasi quod. Ad omnis aut et aperiam quaerat repellat.', 1, '2019-03-18 17:33:21', '2019-03-18 17:33:21'),
(211, 26, 'Nolan Hills', 'Asperiores omnis porro sed et. Rem sit reprehenderit harum veniam vero est alias dolor. Sed voluptate non voluptatem in sit.', 1, '2019-03-18 17:33:21', '2019-03-18 17:33:21'),
(212, 13, 'Meredith Hickle II', 'Quas velit voluptatem corrupti voluptates amet ab. Officiis amet accusantium voluptatum delectus praesentium. Ut dolore labore unde. Hic est iusto quod deleniti perferendis accusantium quo.', 3, '2019-03-18 17:33:21', '2019-03-18 17:33:21'),
(213, 44, 'Keenan Walter', 'Voluptatem debitis repellendus a dicta. Dolorem accusantium sed voluptatum minima. Ut placeat et odit optio accusantium dolore eos.', 3, '2019-03-18 17:33:21', '2019-03-18 17:33:21'),
(214, 35, 'Prince Langworth', 'Molestiae error pariatur veniam molestiae dolor. Voluptatem incidunt incidunt perspiciatis iusto officia minima. Voluptatem voluptas ut nisi saepe.', 3, '2019-03-18 17:33:21', '2019-03-18 17:33:21'),
(215, 45, 'Miss Idell Gorczany III', 'Ducimus perspiciatis non laborum ipsam pariatur sed quidem veritatis. Voluptas ipsam voluptatibus quidem praesentium. Aliquam excepturi aperiam harum esse hic. Necessitatibus quis numquam qui accusantium eveniet.', 2, '2019-03-18 17:33:21', '2019-03-18 17:33:21'),
(216, 25, 'Orlando Schuppe', 'Fuga recusandae quia ab qui et aut. Quo vel ad fugiat voluptatibus consectetur eum. Occaecati recusandae necessitatibus molestias et ut ut.', 5, '2019-03-18 17:33:21', '2019-03-18 17:33:21'),
(217, 28, 'Lauriane McDermott', 'Minus consequatur possimus consectetur quidem sit et voluptatibus voluptas. Quia provident molestias beatae cumque numquam ut. Iste aliquid dignissimos earum velit.', 0, '2019-03-18 17:33:22', '2019-03-18 17:33:22'),
(218, 44, 'Johathan Kuhlman PhD', 'Eum repudiandae doloribus quae officiis dolor ea sit. Quis esse tempore velit qui. Temporibus vitae assumenda voluptatum expedita necessitatibus aut ad. Enim non velit et est eos et. Ratione assumenda adipisci voluptates voluptates culpa quos fugit.', 2, '2019-03-18 17:33:22', '2019-03-18 17:33:22'),
(219, 27, 'Abbigail Walker II', 'Libero sed ea quia deserunt sed. Facere sed quia quo hic et. Voluptatibus velit illo nihil aut fuga porro. Perferendis qui non explicabo suscipit culpa reprehenderit voluptatum.', 5, '2019-03-18 17:33:22', '2019-03-18 17:33:22'),
(220, 6, 'Chet Aufderhar', 'Distinctio nisi voluptas sed eum adipisci. Autem sit velit quos tempora quo. Quia qui animi sint sunt.', 3, '2019-03-18 17:33:22', '2019-03-18 17:33:22'),
(221, 17, 'Arely Stehr Sr.', 'Quibusdam similique numquam perspiciatis atque. Rerum qui quam fugit impedit. Architecto beatae deserunt molestiae mollitia est laboriosam.', 1, '2019-03-18 17:33:22', '2019-03-18 17:33:22'),
(222, 47, 'Fay Barton', 'Quae corporis ipsa dolor commodi. Totam nesciunt nam est aut recusandae eum laborum officia. Est labore sit dolores velit expedita animi ea.', 0, '2019-03-18 17:33:22', '2019-03-18 17:33:22'),
(223, 3, 'Everardo Block', 'Necessitatibus accusantium accusantium nobis excepturi. Eveniet aut quia quia aut beatae. Et et perferendis ut aut nemo quia repudiandae.', 5, '2019-03-18 17:33:22', '2019-03-18 17:33:22'),
(224, 48, 'Prof. Catalina Franecki Jr.', 'Corrupti qui quae id. Voluptatem sunt corrupti in delectus nemo. Ducimus possimus quo fugit ducimus.', 0, '2019-03-18 17:33:22', '2019-03-18 17:33:22'),
(225, 3, 'Keanu Murphy', 'Sequi nulla architecto natus error consequatur. At tempore sit saepe molestiae quaerat soluta sunt.', 4, '2019-03-18 17:33:22', '2019-03-18 17:33:22'),
(226, 5, 'Jenifer Pouros', 'Officia voluptas quis est sed omnis sed. Aut ut inventore voluptatibus in qui voluptas. Sit quis reiciendis distinctio eius iusto doloremque omnis.', 3, '2019-03-18 17:33:22', '2019-03-18 17:33:22'),
(227, 21, 'Adolf Jacobs', 'Sed non voluptatum nam omnis facilis. Cupiditate maiores ipsam minus aut.', 2, '2019-03-18 17:33:22', '2019-03-18 17:33:22'),
(228, 22, 'Tremaine Lesch DVM', 'Eum tempora nisi reiciendis excepturi est et. Deserunt veritatis pariatur praesentium aut sunt. Praesentium eligendi eius labore sit et voluptate voluptatem. Omnis numquam et qui.', 2, '2019-03-18 17:33:22', '2019-03-18 17:33:22'),
(229, 13, 'Prof. Gino Tremblay', 'Ut iste tempora ratione. Vel voluptas sapiente ut vel in eos. Id nulla iure quam rerum ut sunt. Saepe earum facere voluptatem veritatis vero ea. Et quisquam sed blanditiis.', 3, '2019-03-18 17:33:22', '2019-03-18 17:33:22'),
(230, 31, 'Mr. Keon Pfannerstill MD', 'Consectetur est cupiditate qui ut et. Dolores est ut pariatur sapiente modi ut. Hic fugit repellendus illo ea nihil consequuntur. Et omnis libero consequatur corporis reiciendis eveniet nesciunt aut.', 2, '2019-03-18 17:33:22', '2019-03-18 17:33:22'),
(231, 9, 'Filomena Stark Jr.', 'Aperiam aut optio omnis quis quas aut nisi. Excepturi rerum libero temporibus nostrum rerum. Ullam quam vel maiores ratione.', 1, '2019-03-18 17:33:22', '2019-03-18 17:33:22'),
(232, 3, 'Ms. Elsie Brakus V', 'Beatae voluptate et ut aspernatur ea sint et. Ab nam sed quo aperiam. Quas veniam voluptas unde esse eum.', 0, '2019-03-18 17:33:22', '2019-03-18 17:33:22'),
(233, 12, 'Prof. Ruby Tremblay III', 'Qui corporis excepturi harum fuga quia est sit. Voluptatibus quia corrupti aut incidunt placeat labore pariatur. Sapiente fugiat architecto magnam sed perspiciatis quas dolorum.', 5, '2019-03-18 17:33:22', '2019-03-18 17:33:22'),
(234, 22, 'Lincoln Prohaska', 'Quia quam autem maiores quidem perspiciatis quo. Incidunt rerum veritatis sit quos. Voluptatem sit dignissimos laudantium ipsam reiciendis ea iste. Non laborum dolorem delectus aut voluptas explicabo.', 5, '2019-03-18 17:33:22', '2019-03-18 17:33:22'),
(235, 6, 'Dr. Shana Bartell IV', 'Temporibus delectus culpa vero atque veniam fugiat necessitatibus. Cumque voluptatibus rerum ex dolore eveniet quam libero. Laboriosam dolores ut magni perferendis nobis. Voluptas id recusandae deserunt sit soluta.', 0, '2019-03-18 17:33:22', '2019-03-18 17:33:22'),
(236, 2, 'Prof. Cathryn Herzog', 'Assumenda iure nisi aliquam nihil in. Maxime amet quia dignissimos quia sapiente. Atque nostrum est voluptatem dolor ipsum quis. Unde in recusandae dolorem eos ut sed.', 3, '2019-03-18 17:33:22', '2019-03-18 17:33:22'),
(237, 1, 'Dr. Hester Larkin', 'Qui incidunt cum aut voluptatem doloribus. Incidunt cum sint porro recusandae libero temporibus eligendi assumenda. Ipsam nostrum dolorem rerum sed. Nisi qui et nemo et porro cum fugit id. Nam consequatur placeat sed vel.', 3, '2019-03-18 17:33:22', '2019-03-18 17:33:22'),
(238, 43, 'Ivy Anderson PhD', 'Est sit et voluptatem qui. Voluptate voluptatem quod totam dolor cumque. Dolor quam tempore et. Voluptatem maxime dolore sed molestias.', 5, '2019-03-18 17:33:22', '2019-03-18 17:33:22'),
(239, 30, 'Nicola Schinner', 'Vitae sit iure quis non iusto. Hic quaerat quis quia placeat aut delectus. Ut perspiciatis sunt totam hic quis. Vitae architecto doloremque maiores blanditiis beatae.', 5, '2019-03-18 17:33:22', '2019-03-18 17:33:22'),
(240, 32, 'Mrs. Lavonne Bruen', 'Amet corrupti similique atque eaque sapiente et. Et quae laudantium beatae iure alias qui eaque aut. Omnis dolore expedita adipisci id. Mollitia sint modi beatae facere ut aut.', 0, '2019-03-18 17:33:22', '2019-03-18 17:33:22'),
(241, 13, 'Brandy Roob', 'Odit quo modi velit magnam et aut nostrum. Omnis nostrum sint cupiditate non. Et sequi impedit modi. Dignissimos ab necessitatibus dolor magnam.', 3, '2019-03-18 17:33:22', '2019-03-18 17:33:22'),
(242, 2, 'Leopoldo Schaefer I', 'In perspiciatis nihil laborum minus praesentium. Quis ad id non ea nisi. Cum dolor molestias officia at mollitia ut. Vitae dolor consequatur suscipit sed aut sint adipisci.', 1, '2019-03-18 17:33:22', '2019-03-18 17:33:22'),
(243, 16, 'Fredrick Legros', 'Saepe deserunt est veniam sint nam. Iusto molestiae adipisci corrupti et. Quam labore velit aut libero inventore. Ut fuga quia officia ad recusandae ducimus.', 2, '2019-03-18 17:33:22', '2019-03-18 17:33:22'),
(244, 48, 'Susanna Bartoletti IV', 'Nulla non aut tempora id eos sit. Natus culpa odio cumque enim voluptas. Dolorem deleniti quos consequuntur placeat sit nam nostrum. Ipsam sunt ex dicta a.', 5, '2019-03-18 17:33:22', '2019-03-18 17:33:22'),
(245, 19, 'Lisandro Brekke', 'Sint et in et eum nam hic ducimus. Ut et in sed. Officia commodi sapiente praesentium quis est ut.', 1, '2019-03-18 17:33:22', '2019-03-18 17:33:22'),
(246, 28, 'Evangeline Schulist', 'Aliquid quis delectus fugit quia corrupti excepturi. Incidunt tempore rerum dignissimos eos ipsa. Quidem atque assumenda et et. Sed sint cum quia officia dolorem rem illum. Cupiditate ut rerum in culpa non doloribus.', 5, '2019-03-18 17:33:22', '2019-03-18 17:33:22'),
(247, 1, 'Miss Ollie Halvorson IV', 'Molestias sequi vel odit odio ipsam modi tempore. Quo dolore itaque consequuntur cum omnis. Distinctio nihil tempora sed deleniti.', 0, '2019-03-18 17:33:22', '2019-03-18 17:33:22'),
(248, 46, 'Cleora Beier', 'Assumenda soluta provident eveniet et. Eum adipisci non dolor magni minima tenetur incidunt. Qui laborum sit dolor distinctio.', 5, '2019-03-18 17:33:22', '2019-03-18 17:33:22'),
(249, 8, 'Mariana Morissette', 'Reprehenderit quo veniam iusto maiores voluptatem exercitationem omnis. Est dignissimos porro exercitationem. Voluptatem qui sint omnis voluptas labore est dolores. Voluptatem magni illo quod.', 0, '2019-03-18 17:33:22', '2019-03-18 17:33:22'),
(250, 50, 'Dr. Crystel Herman III', 'Est aspernatur nam repellat deserunt voluptatum. Sapiente fugit assumenda dicta occaecati consectetur eos. Qui doloribus id sapiente est molestias voluptatem. Id ullam id est nihil voluptatem aperiam.', 4, '2019-03-18 17:33:22', '2019-03-18 17:33:22'),
(251, 20, 'Jerad Dare', 'Dolorum nostrum officiis voluptatibus sapiente aut placeat. Unde id iste quidem est. Voluptatem nam aut sint.', 5, '2019-03-18 17:33:22', '2019-03-18 17:33:22'),
(252, 28, 'Mr. Johan Zemlak', 'Fuga est odit eum sed molestiae eum tempore culpa. Aspernatur numquam facere debitis sed labore labore necessitatibus aperiam. Nostrum aspernatur expedita id exercitationem vel. Consequuntur et dolores dolorem quia repudiandae eum.', 0, '2019-03-18 17:33:22', '2019-03-18 17:33:22'),
(253, 26, 'Saul Kertzmann', 'Iusto unde aut cum sed. Non recusandae voluptates cum dolor culpa ut.', 0, '2019-03-18 17:33:22', '2019-03-18 17:33:22'),
(254, 13, 'Alvah Morar MD', 'Ut laboriosam aspernatur rem dicta facere. Numquam error harum enim tenetur non est pariatur voluptatem.', 5, '2019-03-18 17:33:22', '2019-03-18 17:33:22'),
(255, 33, 'Yesenia Howell', 'Nostrum ut delectus dignissimos quis fuga iure. Rem eveniet deleniti id.', 5, '2019-03-18 17:33:22', '2019-03-18 17:33:22'),
(256, 12, 'Hannah Bartell', 'Rerum ad reiciendis porro ad. Possimus cum nostrum consequatur ut iure dignissimos et eos. Doloribus incidunt doloremque autem quis. Quod enim est dolores nostrum.', 5, '2019-03-18 17:33:22', '2019-03-18 17:33:22'),
(257, 39, 'Astrid Waters DDS', 'Earum minima tenetur quo quasi est ullam dolorem. Saepe laborum sit perspiciatis deserunt voluptas quia. Occaecati similique dolor vero molestias velit. Sunt necessitatibus tempora vel similique.', 2, '2019-03-18 17:33:22', '2019-03-18 17:33:22'),
(258, 4, 'Monroe Tremblay Sr.', 'Mollitia dolorem quo fuga similique. Doloribus tempore autem et possimus et dolores. Dolorem et numquam dicta eos quibusdam asperiores nobis. Molestiae iusto et dolores facilis enim.', 5, '2019-03-18 17:33:22', '2019-03-18 17:33:22'),
(259, 45, 'Prof. Ethel Emmerich IV', 'In aut vero reprehenderit molestias sapiente. Doloremque odio impedit exercitationem molestiae enim id. Est quia recusandae molestiae sint.', 0, '2019-03-18 17:33:22', '2019-03-18 17:33:22'),
(260, 26, 'Erling Hackett', 'Id ut doloremque quas inventore et. Natus voluptas expedita dicta exercitationem. Autem ipsam rerum est porro et ut. Vero omnis et atque tempora recusandae.', 2, '2019-03-18 17:33:22', '2019-03-18 17:33:22'),
(261, 45, 'Tara Thiel', 'Tenetur ut quaerat qui excepturi ut qui quia. Ut quibusdam unde numquam dicta laboriosam praesentium. Qui eaque fuga nisi et sapiente.', 3, '2019-03-18 17:33:22', '2019-03-18 17:33:22'),
(262, 8, 'Mr. Eddie Kling PhD', 'Autem veniam dolore et aliquid voluptatem deleniti non. Et libero quam quam. Tempora ipsam eveniet aut quasi.', 0, '2019-03-18 17:33:23', '2019-03-18 17:33:23'),
(263, 32, 'Prof. Moises Hauck', 'Iste nisi sunt doloremque. Molestiae animi nihil id omnis. Consequatur ullam sint officiis.', 2, '2019-03-18 17:33:23', '2019-03-18 17:33:23'),
(264, 25, 'Elijah Luettgen', 'Consequatur et quis distinctio nesciunt ea. Tempora beatae dolores maxime ea molestias eius necessitatibus. Ab voluptas similique accusantium quibusdam esse consectetur. Perferendis soluta magni aspernatur quia modi quod.', 1, '2019-03-18 17:33:23', '2019-03-18 17:33:23'),
(265, 12, 'Ms. Charlotte Keeling', 'Inventore autem vero voluptatem sapiente mollitia porro in. Porro non commodi harum et quia. Magni et omnis quidem quos inventore.', 4, '2019-03-18 17:33:23', '2019-03-18 17:33:23'),
(266, 22, 'Laurine Lang', 'Cupiditate velit nobis non accusantium saepe veniam nihil culpa. Maxime in iusto expedita velit enim et molestiae.', 0, '2019-03-18 17:33:23', '2019-03-18 17:33:23'),
(267, 26, 'Providenci Mraz', 'Quos ut dicta rerum id. Rem ullam ad corrupti qui tempora. Reiciendis voluptatem dolores accusamus excepturi mollitia aut.', 5, '2019-03-18 17:33:23', '2019-03-18 17:33:23'),
(268, 32, 'Ford Altenwerth', 'Et quam aut rerum beatae aut. Cumque placeat explicabo ea ratione ab aut. Molestiae expedita ut quos cum odit.', 0, '2019-03-18 17:33:23', '2019-03-18 17:33:23'),
(269, 46, 'Dillan DuBuque', 'Autem veritatis dolores minus ut architecto vitae. Qui autem qui quasi ea. Consequatur est ab quidem qui blanditiis.', 1, '2019-03-18 17:33:23', '2019-03-18 17:33:23'),
(270, 7, 'Amir Spencer', 'Pariatur alias perferendis ut. Soluta tempore omnis ipsa deleniti veniam veritatis. Unde minus sed debitis est ut molestiae est. Eos distinctio beatae laudantium ut aspernatur.', 4, '2019-03-18 17:33:23', '2019-03-18 17:33:23'),
(271, 8, 'Carroll Langosh', 'Veniam aut et corrupti autem nostrum rerum. Dolorem doloribus repellendus deleniti aut eaque. Architecto voluptas qui dolor ex explicabo in.', 5, '2019-03-18 17:33:23', '2019-03-18 17:33:23'),
(272, 14, 'Lauretta Robel', 'Hic inventore aut deserunt molestiae. Recusandae quibusdam magni aut quaerat rerum cum. Esse quia voluptatem dolores iusto quos nulla a. Delectus quos amet sunt repudiandae aspernatur omnis architecto.', 1, '2019-03-18 17:33:23', '2019-03-18 17:33:23'),
(273, 27, 'Miss Beth Lang', 'Ab autem officia laborum aut. Provident in id voluptatum illum quis. Molestiae est est adipisci tenetur nihil porro.', 3, '2019-03-18 17:33:23', '2019-03-18 17:33:23'),
(274, 21, 'Dr. Ashlee Beier III', 'Officiis nostrum recusandae aut rerum rem eaque. Vero ipsa dicta et. Qui autem quia optio sed et et nobis. Perspiciatis odit dolore reiciendis possimus natus eum.', 2, '2019-03-18 17:33:23', '2019-03-18 17:33:23'),
(275, 5, 'Miss Bernita Schultz', 'Non impedit quos minus explicabo et eum rerum. Tenetur vel omnis sapiente ullam sed. Aut numquam qui sed nesciunt incidunt tempora.', 3, '2019-03-18 17:33:23', '2019-03-18 17:33:23'),
(276, 26, 'Alford Batz', 'Magni perspiciatis voluptatibus voluptatum. Quia ratione sed laudantium ut omnis voluptatem. Corporis voluptate dolorem quo eveniet labore. Eum quos dicta fugiat dicta facere et.', 5, '2019-03-18 17:33:23', '2019-03-18 17:33:23'),
(277, 27, 'Wilfrid Harber', 'Est eaque quia est necessitatibus veniam. Amet repudiandae voluptatem adipisci laborum consectetur adipisci temporibus. Unde velit sed doloribus consequatur reprehenderit suscipit autem.', 3, '2019-03-18 17:33:23', '2019-03-18 17:33:23'),
(278, 45, 'Meta Braun', 'Eos dolor consequatur ut libero. Fuga non quia nemo ut ad repudiandae. Corporis culpa quae veniam adipisci.', 5, '2019-03-18 17:33:23', '2019-03-18 17:33:23'),
(279, 40, 'Willis Gibson', 'Voluptas nesciunt odit illo suscipit. Similique aperiam facere qui. In ea tempore velit quasi dolorem aut rerum minima. Repudiandae veritatis omnis perferendis rerum dicta possimus.', 0, '2019-03-18 17:33:23', '2019-03-18 17:33:23'),
(280, 26, 'Christophe Terry', 'Aspernatur placeat nemo reprehenderit reiciendis et aperiam. Sint porro odio hic. Iusto et illo laudantium.', 1, '2019-03-18 17:33:23', '2019-03-18 17:33:23'),
(281, 10, 'Prof. Jason Upton', 'Qui non et fuga possimus alias. At inventore voluptatum molestiae vel. Blanditiis et itaque illo voluptas.', 0, '2019-03-18 17:33:23', '2019-03-18 17:33:23'),
(282, 46, 'Winifred Collier', 'Consectetur similique neque laboriosam quia est quos voluptatem. Architecto exercitationem excepturi sed eos est. Et labore sint corporis sed.', 3, '2019-03-18 17:33:23', '2019-03-18 17:33:23'),
(283, 12, 'Tracy Herzog', 'Et corrupti eaque in et maxime velit deleniti. Ut aspernatur enim sint omnis commodi architecto et.', 3, '2019-03-18 17:33:23', '2019-03-18 17:33:23'),
(284, 24, 'Alfonzo Batz', 'Suscipit suscipit quo reiciendis consectetur dolores cupiditate. Repellendus rerum nam qui placeat doloremque. Unde sed accusamus qui inventore nesciunt repellendus omnis dolor. Esse et sit dolor et numquam tempora.', 5, '2019-03-18 17:33:23', '2019-03-18 17:33:23'),
(285, 6, 'Deon Keebler II', 'Rerum repellat aut qui in quis. Architecto deleniti quia consectetur neque voluptate. Eos impedit nulla et voluptatem aut qui.', 0, '2019-03-18 17:33:23', '2019-03-18 17:33:23'),
(286, 41, 'Camila Romaguera', 'Magnam tenetur voluptates in sed et. Maiores rerum nihil suscipit deleniti sed non ut. Quam aut reprehenderit voluptatem. A porro nisi ut molestiae quo cum.', 3, '2019-03-18 17:33:23', '2019-03-18 17:33:23'),
(287, 30, 'Barton Abernathy', 'Tempore voluptates dicta omnis sapiente reprehenderit necessitatibus. Repellendus optio labore dignissimos omnis ducimus. Hic in ipsa quos quibusdam ut sed. Iste iure occaecati excepturi.', 2, '2019-03-18 17:33:23', '2019-03-18 17:33:23'),
(288, 48, 'Eve Thiel', 'Et nobis aperiam saepe esse. Quo enim et maiores architecto maxime. Tempora animi et qui quo assumenda sed. Et nostrum quo aut neque. Velit aliquam voluptatem ipsa illum iure odio.', 1, '2019-03-18 17:33:23', '2019-03-18 17:33:23'),
(289, 41, 'Ms. Layla Rempel', 'Assumenda perspiciatis esse aut autem accusantium. Est nihil eligendi eligendi. Omnis enim harum dolor et vero commodi nihil a. Beatae voluptas tenetur repellat aut consequuntur.', 5, '2019-03-18 17:33:23', '2019-03-18 17:33:23'),
(290, 49, 'Darrel Stanton', 'Animi qui fugiat doloribus quasi quia nesciunt soluta. In dolorem et expedita. Dolorem enim quis consequuntur minus commodi facilis eos. Accusamus animi beatae cumque consequatur.', 1, '2019-03-18 17:33:23', '2019-03-18 17:33:23'),
(291, 39, 'Luna Hilpert', 'Voluptatem debitis odio molestiae ut magnam iusto repellat quia. In sequi aspernatur amet natus quasi. Aut asperiores velit dolor itaque sequi ut quo. Qui eligendi molestiae nihil itaque suscipit.', 5, '2019-03-18 17:33:23', '2019-03-18 17:33:23'),
(292, 7, 'Fern Schuster', 'Ut voluptatem a voluptatum quisquam. Sunt consequatur quod numquam dolorum perferendis. Ut ullam voluptatem rem eos fugit sequi dolores.', 1, '2019-03-18 17:33:23', '2019-03-18 17:33:23'),
(293, 3, 'Dante Renner', 'Natus incidunt facilis magnam non omnis consequuntur. Et adipisci laborum suscipit quo in et.', 5, '2019-03-18 17:33:23', '2019-03-18 17:33:23'),
(294, 42, 'Prof. Jesse Considine', 'Natus nobis ut quo consequatur. Quam voluptatibus repellendus ab et tenetur saepe. Ipsam porro unde in nisi odio sed. Minima harum incidunt natus dolorem sequi sed occaecati.', 2, '2019-03-18 17:33:23', '2019-03-18 17:33:23'),
(295, 42, 'Prof. Oliver Volkman', 'Saepe itaque voluptatibus aperiam in et rerum. Magnam expedita qui quasi eum eius aut saepe omnis. Sed aliquam ut voluptas sed.', 3, '2019-03-18 17:33:23', '2019-03-18 17:33:23'),
(296, 3, 'Ardith Huels', 'Autem ab quia dolorem aut reiciendis. Reiciendis et et quia sit pariatur eius in. Distinctio est numquam provident assumenda minima. Nulla dicta ipsum exercitationem harum consequatur incidunt itaque culpa.', 0, '2019-03-18 17:33:23', '2019-03-18 17:33:23'),
(297, 6, 'Marilie Herzog', 'Qui repudiandae esse assumenda voluptatem omnis itaque. Voluptates laborum illum maxime esse. Quaerat corrupti sit aut qui similique.', 3, '2019-03-18 17:33:23', '2019-03-18 17:33:23'),
(298, 19, 'Maximo Fritsch', 'Dolor qui voluptatem aliquam minima minus. Reiciendis aspernatur temporibus quibusdam quia inventore est accusantium. Autem sed inventore deserunt iure. Quae quia quod veritatis eligendi est praesentium eum.', 5, '2019-03-18 17:33:23', '2019-03-18 17:33:23'),
(299, 45, 'Tia Schuppe', 'Commodi in suscipit voluptatibus aliquid et nihil totam. Neque quod natus itaque nemo consequatur. Magnam blanditiis non saepe cumque officia delectus. Odio repellat corporis ad adipisci dolorum dolore libero.', 4, '2019-03-18 17:33:23', '2019-03-18 17:33:23'),
(300, 7, 'Prof. Bailey Kling', 'Consequatur ut ut enim et facilis. Reiciendis accusantium fugiat dolores nisi quidem perferendis nam totam. Ea et nihil nemo hic.', 0, '2019-03-18 17:33:23', '2019-03-18 17:33:23');

-- --------------------------------------------------------

--
-- Table structure for table `users`
--

CREATE TABLE `users` (
  `id` bigint(20) UNSIGNED NOT NULL,
  `name` varchar(191) COLLATE utf8_unicode_ci NOT NULL,
  `email` varchar(191) COLLATE utf8_unicode_ci NOT NULL,
  `email_verified_at` timestamp NULL DEFAULT NULL,
  `password` varchar(191) COLLATE utf8_unicode_ci NOT NULL,
  `remember_token` varchar(100) COLLATE utf8_unicode_ci DEFAULT NULL,
  `created_at` timestamp NULL DEFAULT NULL,
  `updated_at` timestamp NULL DEFAULT NULL
) ENGINE=InnoDB DEFAULT CHARSET=utf8 COLLATE=utf8_unicode_ci;

--
-- Indexes for dumped tables
--

--
-- Indexes for table `migrations`
--
ALTER TABLE `migrations`
  ADD PRIMARY KEY (`id`);

--
-- Indexes for table `password_resets`
--
ALTER TABLE `password_resets`
  ADD KEY `password_resets_email_index` (`email`);

--
-- Indexes for table `products`
--
ALTER TABLE `products`
  ADD PRIMARY KEY (`id`);

--
-- Indexes for table `reviews`
--
ALTER TABLE `reviews`
  ADD PRIMARY KEY (`id`),
  ADD KEY `product_reviews` (`product_id`);

--
-- Indexes for table `users`
--
ALTER TABLE `users`
  ADD PRIMARY KEY (`id`),
  ADD UNIQUE KEY `users_email_unique` (`email`);

--
-- AUTO_INCREMENT for dumped tables
--

--
-- AUTO_INCREMENT for table `migrations`
--
ALTER TABLE `migrations`
  MODIFY `id` int(10) UNSIGNED NOT NULL AUTO_INCREMENT, AUTO_INCREMENT=4;

--
-- AUTO_INCREMENT for table `products`
--
ALTER TABLE `products`
  MODIFY `id` bigint(20) UNSIGNED NOT NULL AUTO_INCREMENT, AUTO_INCREMENT=51;

--
-- AUTO_INCREMENT for table `reviews`
--
ALTER TABLE `reviews`
  MODIFY `id` bigint(20) UNSIGNED NOT NULL AUTO_INCREMENT, AUTO_INCREMENT=301;

--
-- AUTO_INCREMENT for table `users`
--
ALTER TABLE `users`
  MODIFY `id` bigint(20) UNSIGNED NOT NULL AUTO_INCREMENT;

--
-- Constraints for dumped tables
--

--
-- Constraints for table `reviews`
--
ALTER TABLE `reviews`
  ADD CONSTRAINT `product_reviews` FOREIGN KEY (`product_id`) REFERENCES `products` (`id`);
COMMIT;

/*!40101 SET CHARACTER_SET_CLIENT=@OLD_CHARACTER_SET_CLIENT */;
/*!40101 SET CHARACTER_SET_RESULTS=@OLD_CHARACTER_SET_RESULTS */;
/*!40101 SET COLLATION_CONNECTION=@OLD_COLLATION_CONNECTION */;
